[2026-08-27T02:30:00+00:00] close=78717.76 ema_fast=None ema_mid=None ema_slow=None rsi_fast=None
[2026-08-27T03:00:00+00:00] close=78896.01 ema_fast=None ema_mid=None ema_slow=None rsi_fast=None
[2026-08-27T03:30:00+00:00] close=78830.68 ema_fast=None ema_mid=None ema_slow=None rsi_fast=None
[2026-08-27T04:00:00+00:00] close=78785.06 ema_fast=None ema_mid=None ema_slow=None rsi_fast=None
[2026-08-27T04:30:00+00:00] close=78783.99 ema_fast=None ema_mid=None ema_slow=None rsi_fast=None
[2026-08-27T05:00:00+00:00] close=78662.52 ema_fast=None ema_mid=None ema_slow=None rsi_fast=None
[2026-08-27T05:30:00+00:00] close=78912.55 ema_fast=None ema_mid=None ema_slow=None rsi_fast=None
[2026-08-27T06:00:00+00:00] close=78651.85 ema_fast=None ema_mid=None ema_slow=None rsi_fast=None
[2026-08-27T06:30:00+00:00] close=78817.49 ema_fast=78784.2122 ema_mid=None ema_slow=None rsi_fast=None
[2026-08-27T07:00:00+00:00] close=78795.45 ema_fast=78786.4598 ema_mid=None ema_slow=None rsi_fast=53.4991
[2026-08-27T07:30:00+00:00] close=79082.17 ema_fast=78845.6018 ema_mid=None ema_slow=None rsi_fast=63.9683
[2026-08-27T08:00:00+00:00] close=79749.99 ema_fast=79026.4795 ema_mid=None ema_slow=None rsi_fast=77.3377
[2026-08-27T08:30:00+00:00] close=79755.99 ema_fast=79172.3816 ema_mid=None ema_slow=None rsi_fast=77.4223
[2026-08-27T09:00:00+00:00] close=80493.86 ema_fast=79436.6773 ema_mid=None ema_slow=None rsi_fast=85.1161
[2026-08-27T09:30:00+00:00] close=79986.00 ema_fast=79546.5418 ema_mid=None ema_slow=None rsi_fast=67.3460
[2026-08-27T10:00:00+00:00] close=79664.56 ema_fast=79570.1454 ema_mid=None ema_slow=None rsi_fast=58.6302
[2026-08-27T10:30:00+00:00] close=79626.00 ema_fast=79581.3164 ema_mid=None ema_slow=None rsi_fast=57.6237
[2026-08-27T11:00:00+00:00] close=79523.99 ema_fast=79569.8511 ema_mid=None ema_slow=None rsi_fast=54.8229
[2026-08-27T11:30:00+00:00] close=79477.67 ema_fast=79551.4149 ema_mid=None ema_slow=None rsi_fast=53.4947
[2026-08-27T12:00:00+00:00] close=79551.00 ema_fast=79551.3319 ema_mid=None ema_slow=None rsi_fast=55.4184
[2026-08-27T12:30:00+00:00] close=79282.31 ema_fast=79497.5275 ema_mid=79240.3286 ema_slow=None rsi_fast=47.3454
[2026-08-27T13:00:00+00:00] close=79352.62 ema_fast=79468.5460 ema_mid=79250.5369 ema_slow=None rsi_fast=49.5106
[2026-08-27T13:30:00+00:00] close=79533.15 ema_fast=79481.4668 ema_mid=79276.2290 ema_slow=None rsi_fast=54.8710
[2026-08-27T14:00:00+00:00] close=79911.45 ema_fast=79567.4634 ema_mid=79333.9763 ema_slow=None rsi_fast=63.9051
[2026-08-27T14:30:00+00:00] close=80204.05 ema_fast=79694.7808 ema_mid=79413.0740 ema_slow=None rsi_fast=69.2597
[2026-08-27T15:00:00+00:00] close=80600.00 ema_fast=79875.8246 ema_mid=79520.9763 ema_slow=None rsi_fast=74.9231
[2026-08-27T15:30:00+00:00] close=80302.32 ema_fast=79961.1237 ema_mid=79592.0076 ema_slow=None rsi_fast=64.8224
[2026-08-27T16:00:00+00:00] close=80412.00 ema_fast=80051.2989 ema_mid=79666.5523 ema_slow=None rsi_fast=66.6841
[2026-08-27T16:30:00+00:00] close=80374.00 ema_fast=80115.8392 ema_mid=79730.8658 ema_slow=None rsi_fast=65.3363
[2026-08-27T17:00:00+00:00] close=80713.59 ema_fast=80235.3893 ema_mid=79820.2043 ema_slow=None rsi_fast=71.1904
[2026-08-27T17:30:00+00:00] close=80442.46 ema_fast=80276.8035 ema_mid=79876.7730 ema_slow=None rsi_fast=61.8138
[2026-08-27T18:00:00+00:00] close=79912.00 ema_fast=80203.8428 ema_mid=79879.9755 ema_slow=None rsi_fast=47.9214
[2026-08-27T18:30:00+00:00] close=80150.69 ema_fast=80193.2122 ema_mid=79904.5859 ema_slow=None rsi_fast=53.2412
[2026-08-27T19:00:00+00:00] close=80177.03 ema_fast=80189.9758 ema_mid=79929.3535 ema_slow=None rsi_fast=53.8267
[2026-08-27T19:30:00+00:00] close=79910.19 ema_fast=80134.0186 ema_mid=79927.6114 ema_slow=None rsi_fast=47.1041
[2026-08-27T20:00:00+00:00] close=79988.02 ema_fast=80104.8189 ema_mid=79933.1031 ema_slow=None rsi_fast=49.1865
[2026-08-27T20:30:00+00:00] close=80096.00 ema_fast=80103.0551 ema_mid=79947.9119 ema_slow=None rsi_fast=52.1280
[2026-08-27T21:00:00+00:00] close=80034.19 ema_fast=80089.2821 ema_mid=79955.7554 ema_slow=None rsi_fast=50.2546
[2026-08-27T21:30:00+00:00] close=80184.00 ema_fast=80108.2257 ema_mid=79976.5049 ema_slow=None rsi_fast=54.6943
[2026-08-27T22:00:00+00:00] close=80238.71 ema_fast=80134.3225 ema_mid=80000.3417 ema_slow=None rsi_fast=56.2968
[2026-08-27T22:30:00+00:00] close=80303.21 ema_fast=80168.1000 ema_mid=80027.8752 ema_slow=None rsi_fast=58.2552
[2026-08-27T23:00:00+00:00] close=80321.96 ema_fast=80198.8720 ema_mid=80054.6102 ema_slow=None rsi_fast=58.8581
[2026-08-27T23:30:00+00:00] close=80249.58 ema_fast=80209.0136 ema_mid=80072.3347 ema_slow=None rsi_fast=55.3843
[2026-08-28T00:00:00+00:00] close=80421.58 ema_fast=80251.5269 ema_mid=80104.0843 ema_slow=None rsi_fast=61.4646
[2026-08-28T00:30:00+00:00] close=80576.00 ema_fast=80316.4215 ema_mid=80146.9857 ema_slow=None rsi_fast=66.1271
[2026-08-28T01:00:00+00:00] close=81130.98 ema_fast=80479.3332 ema_mid=80236.4397 ema_slow=None rsi_fast=77.2542
[2026-08-28T01:30:00+00:00] close=80500.38 ema_fast=80483.5426 ema_mid=80260.4343 ema_slow=None rsi_fast=54.4077
[2026-08-28T02:00:00+00:00] close=79917.89 ema_fast=80370.4121 ema_mid=80229.2939 ema_slow=None rsi_fast=41.6178
[2026-08-28T02:30:00+00:00] close=79926.11 ema_fast=80281.5516 ema_mid=80201.7317 ema_slow=None rsi_fast=41.8349
[2026-08-28T03:00:00+00:00] close=79910.00 ema_fast=80207.2413 ema_mid=80175.2107 ema_slow=79796.8212 rsi_fast=41.4947
[2026-08-28T03:30:00+00:00] close=79810.49 ema_fast=80127.8911 ema_mid=80142.0542 ema_slow=79797.3572 rsi_fast=39.2755
[2026-08-28T04:00:00+00:00] close=79816.01 ema_fast=80065.5148 ema_mid=80112.4139 ema_slow=79798.0887 rsi_fast=39.4775
[2026-08-28T04:30:00+00:00] close=79643.81 ema_fast=79981.1739 ema_mid=80069.8135 ema_slow=79792.0386 rsi_fast=35.3506
[2026-08-28T05:00:00+00:00] close=79731.50 ema_fast=79931.2391 ema_mid=80039.0577 ema_slow=79789.6645 rsi_fast=39.0036
[2026-08-28T05:30:00+00:00] close=79686.00 ema_fast=79882.1913 ema_mid=80006.9616 ema_slow=79785.5992 rsi_fast=37.7582
[2026-08-28T06:00:00+00:00] close=79827.15 ema_fast=79871.1830 ema_mid=79990.6151 ema_slow=79787.2287 rsi_fast=43.9988
[2026-08-28T06:30:00+00:00] close=79904.21 ema_fast=79877.7884 ema_mid=79982.7601 ema_slow=79791.8162 rsi_fast=47.2473
[2026-08-28T07:00:00+00:00] close=79805.27 ema_fast=79863.2847 ema_mid=79966.6246 ema_slow=79792.3438 rsi_fast=43.5946
[2026-08-28T07:30:00+00:00] close=79660.00 ema_fast=79822.6278 ema_mid=79938.7496 ema_slow=79787.1538 rsi_fast=38.6579
[2026-08-28T08:00:00+00:00] close=79788.72 ema_fast=79815.8462 ema_mid=79925.1106 ema_slow=79787.2152 rsi_fast=44.8800
[2026-08-28T08:30:00+00:00] close=79516.78 ema_fast=79756.0330 ema_mid=79887.9896 ema_slow=79776.6099 rsi_fast=36.1621
[2026-08-28T09:00:00+00:00] close=79377.34 ema_fast=79680.2944 ema_mid=79841.5669 ema_slow=79760.9523 rsi_fast=32.5183
[2026-08-28T09:30:00+00:00] close=79285.19 ema_fast=79601.2735 ema_mid=79790.9872 ema_slow=79742.2950 rsi_fast=30.2520
[2026-08-28T10:00:00+00:00] close=79303.65 ema_fast=79541.7488 ema_mid=79746.6838 ema_slow=79725.0932 rsi_fast=31.3306
[2026-08-28T10:30:00+00:00] close=79565.89 ema_fast=79546.5770 ema_mid=79730.2480 ema_slow=79718.8499 rsi_fast=44.9381
[2026-08-28T11:00:00+00:00] close=79668.83 ema_fast=79571.0276 ema_mid=79724.6646 ema_slow=79716.8884 rsi_fast=49.3688
[2026-08-28T11:30:00+00:00] close=79604.13 ema_fast=79577.6481 ema_mid=79713.7069 ema_slow=79712.4665 rsi_fast=46.7110
[2026-08-28T12:00:00+00:00] close=79526.00 ema_fast=79567.3185 ema_mid=79696.6426 ema_slow=79705.1541 rsi_fast=43.5276
[2026-08-28T12:30:00+00:00] close=79421.05 ema_fast=79538.0648 ema_mid=79671.5887 ema_slow=79694.0127 rsi_fast=39.4634
[2026-08-28T13:00:00+00:00] close=79199.22 ema_fast=79470.2958 ema_mid=79628.6461 ema_slow=79674.6091 rsi_fast=32.2933
[2026-08-28T13:30:00+00:00] close=79330.75 ema_fast=79442.3867 ema_mid=79601.5647 ema_slow=79661.1244 rsi_fast=39.6120
[2026-08-28T14:00:00+00:00] close=78946.08 ema_fast=79343.1253 ema_mid=79541.9751 ema_slow=79633.0835 rsi_fast=29.2200
[2026-08-28T14:30:00+00:00] close=79542.44 ema_fast=79382.9883 ema_mid=79542.0174 ema_slow=79629.5288 rsi_fast=51.4393
[2026-08-28T15:00:00+00:00] close=79334.00 ema_fast=79373.1906 ema_mid=79523.1067 ema_slow=79617.9394 rsi_fast=45.7874
[2026-08-28T15:30:00+00:00] close=78331.13 ema_fast=79164.7785 ema_mid=79414.7452 ema_slow=79567.4763 rsi_fast=28.7119
[2026-08-28T16:00:00+00:00] close=77530.50 ema_fast=78837.9228 ema_mid=79243.4502 ema_slow=79487.5949 rsi_fast=21.5080
[2026-08-28T16:30:00+00:00] close=77788.46 ema_fast=78628.0302 ema_mid=79111.1784 ema_slow=79420.9622 rsi_fast=28.0514
[2026-08-28T17:00:00+00:00] close=77940.01 ema_fast=78490.4262 ema_mid=79004.7085 ema_slow=79362.8856 rsi_fast=31.8086
[2026-08-28T17:30:00+00:00] close=77904.00 ema_fast=78373.1409 ema_mid=78904.6441 ema_slow=79305.6744 rsi_fast=31.3706
[2026-08-28T18:00:00+00:00] close=77592.00 ema_fast=78216.9128 ema_mid=78785.3128 ema_slow=79238.4715 rsi_fast=27.6591
[2026-08-28T18:30:00+00:00] close=77554.00 ema_fast=78084.3302 ema_mid=78673.3753 ema_slow=79172.4138 rsi_fast=27.2178
[2026-08-28T19:00:00+00:00] close=77705.07 ema_fast=78008.4782 ema_mid=78585.3475 ema_slow=79114.8709 rsi_fast=32.0649
[2026-08-28T19:30:00+00:00] close=77580.03 ema_fast=77922.7885 ema_mid=78493.9550 ema_slow=79054.6811 rsi_fast=30.1926
[2026-08-28T20:00:00+00:00] close=77510.72 ema_fast=77840.3748 ema_mid=78404.5700 ema_slow=78994.1336 rsi_fast=29.1318
[2026-08-28T20:30:00+00:00] close=77407.34 ema_fast=77753.7679 ema_mid=78313.9128 ema_slow=78931.9064 rsi_fast=27.5100
[2026-08-28T21:00:00+00:00] close=77412.90 ema_fast=77685.5943 ema_mid=78232.0025 ema_slow=78872.3375 rsi_fast=27.7534
[2026-08-28T21:30:00+00:00] close=77364.00 ema_fast=77621.2754 ema_mid=78153.0932 ema_slow=78813.1870 rsi_fast=26.8612
[2026-08-28T22:00:00+00:00] close=77573.00 ema_fast=77611.6203 ema_mid=78100.3574 ema_slow=78764.5522 rsi_fast=36.6531
[2026-08-28T22:30:00+00:00] close=77758.69 ema_fast=77641.0343 ema_mid=78069.2968 ema_slow=78725.1066 rsi_fast=44.1296
[2026-08-28T23:00:00+00:00] close=77684.41 ema_fast=77649.7094 ema_mid=78034.3071 ema_slow=78684.2950 rsi_fast=41.9039
[2026-08-28T23:30:00+00:00] close=77845.87 ema_fast=77688.9415 ema_mid=78017.1764 ema_slow=78651.4156 rsi_fast=48.2824
[2026-08-29T00:00:00+00:00] close=77903.85 ema_fast=77731.9232 ema_mid=78006.8740 ema_slow=78622.0993 rsi_fast=50.4789
[2026-08-29T00:30:00+00:00] close=77733.63 ema_fast=77732.2646 ema_mid=77982.0336 ema_slow=78587.2574 rsi_fast=44.2691
[2026-08-29T01:00:00+00:00] close=77789.49 ema_fast=77743.7097 ema_mid=77964.5297 ema_slow=78555.9724 rsi_fast=46.6902
[2026-08-29T01:30:00+00:00] close=77794.11 ema_fast=77753.7897 ema_mid=77949.0370 ema_slow=78526.0954 rsi_fast=46.9048
[2026-08-29T02:00:00+00:00] close=77629.44 ema_fast=77728.9198 ema_mid=77919.9827 ema_slow=78490.9325 rsi_fast=40.3854
[2026-08-29T02:30:00+00:00] close=77671.18 ema_fast=77717.3718 ema_mid=77897.3643 ema_slow=78458.7853 rsi_fast=42.6582
[2026-08-29T03:00:00+00:00] close=77684.45 ema_fast=77710.7875 ema_mid=77878.0084 ema_slow=78428.4192 rsi_fast=43.4296
[2026-08-29T03:30:00+00:00] close=77507.17 ema_fast=77670.0640 ema_mid=77844.2959 ema_slow=78392.2918 rsi_fast=36.1258
[2026-08-29T04:00:00+00:00] close=77602.46 ema_fast=77656.5432 ema_mid=77822.3108 ema_slow=78361.3180 rsi_fast=42.0219
[2026-08-29T04:30:00+00:00] close=77648.91 ema_fast=77655.0165 ema_mid=77806.5471 ema_slow=78333.3804 rsi_fast=44.8154
[2026-08-29T05:00:00+00:00] close=77660.01 ema_fast=77656.0152 ema_mid=77793.2255 ema_slow=78306.9737 rsi_fast=45.5211
[2026-08-29T05:30:00+00:00] close=77632.53 ema_fast=77651.3182 ema_mid=77778.6168 ema_slow=78280.5250 rsi_fast=43.9556
[2026-08-29T06:00:00+00:00] close=77409.86 ema_fast=77603.0265 ema_mid=77745.0935 ema_slow=78246.3812 rsi_fast=33.4646
[2026-08-29T06:30:00+00:00] close=77466.82 ema_fast=77575.7852 ema_mid=77719.7959 ema_slow=78215.8102 rsi_fast=37.7409
[2026-08-29T07:00:00+00:00] close=77524.73 ema_fast=77565.5742 ema_mid=77702.0626 ema_slow=78188.7090 rsi_fast=42.0042
[2026-08-29T07:30:00+00:00] close=77626.01 ema_fast=77577.6614 ema_mid=77695.1488 ema_slow=78166.6424 rsi_fast=48.8902
[2026-08-29T08:00:00+00:00] close=77589.75 ema_fast=77580.0791 ema_mid=77685.5671 ema_slow=78144.0192 rsi_fast=46.6589
[2026-08-29T08:30:00+00:00] close=77633.99 ema_fast=77590.8613 ema_mid=77680.8782 ema_slow=78124.0180 rsi_fast=49.8034
[2026-08-29T09:00:00+00:00] close=77626.50 ema_fast=77597.9890 ema_mid=77675.9348 ema_slow=78104.5075 rsi_fast=49.2504
[2026-08-29T09:30:00+00:00] close=77650.03 ema_fast=77608.3972 ema_mid=77673.5798 ema_slow=78086.6849 rsi_fast=51.1668
[2026-08-29T10:00:00+00:00] close=77671.51 ema_fast=77621.0198 ema_mid=77673.3916 ema_slow=78070.4035 rsi_fast=52.9898
[2026-08-29T10:30:00+00:00] close=77635.17 ema_fast=77623.8498 ema_mid=77669.9169 ema_slow=78053.3355 rsi_fast=49.4745
[2026-08-29T11:00:00+00:00] close=77700.01 ema_fast=77639.0819 ema_mid=77672.6527 ema_slow=78039.4796 rsi_fast=55.4120
[2026-08-29T11:30:00+00:00] close=77584.67 ema_fast=77628.1995 ema_mid=77664.6542 ema_slow=78021.6439 rsi_fast=44.8618
[2026-08-29T12:00:00+00:00] close=77584.00 ema_fast=77619.3596 ema_mid=77657.3220 ema_slow=78004.4814 rsi_fast=44.8061
[2026-08-29T12:30:00+00:00] close=77583.74 ema_fast=77612.2357 ema_mid=77650.6328 ema_slow=77987.9818 rsi_fast=44.7818
[2026-08-29T13:00:00+00:00] close=77659.14 ema_fast=77621.6165 ema_mid=77651.4061 ema_slow=77975.0860 rsi_fast=53.0817
[2026-08-29T13:30:00+00:00] close=77704.32 ema_fast=77638.1572 ema_mid=77656.2165 ema_slow=77964.4677 rsi_fast=57.3983
[2026-08-29T14:00:00+00:00] close=77694.52 ema_fast=77649.4298 ema_mid=77659.6986 ema_slow=77953.8816 rsi_fast=56.1379
[2026-08-29T14:30:00+00:00] close=78014.37 ema_fast=77722.4178 ema_mid=77691.9415 ema_slow=77956.2537 rsi_fast=75.7163
[2026-08-29T15:00:00+00:00] close=77903.95 ema_fast=77758.7243 ema_mid=77711.2150 ema_slow=77954.2025 rsi_fast=64.5296
[2026-08-29T15:30:00+00:00] close=77865.36 ema_fast=77780.0514 ema_mid=77725.2282 ema_slow=77950.7185 rsi_fast=60.9870
[2026-08-29T16:00:00+00:00] close=77946.00 ema_fast=77813.2411 ema_mid=77745.2983 ema_slow=77950.5335 rsi_fast=65.4465
[2026-08-29T16:30:00+00:00] close=78027.17 ema_fast=77856.0269 ema_mid=77770.9230 ema_slow=77953.5388 rsi_fast=69.4066
[2026-08-29T17:00:00+00:00] close=77990.77 ema_fast=77882.9755 ema_mid=77790.9091 ema_slow=77954.9989 rsi_fast=65.6129
[2026-08-29T17:30:00+00:00] close=78100.00 ema_fast=77926.3804 ema_mid=77819.0083 ema_slow=77960.6852 rsi_fast=70.9697
[2026-08-29T18:00:00+00:00] close=78053.27 ema_fast=77951.7583 ema_mid=77840.3048 ema_slow=77964.3160 rsi_fast=66.0199
[2026-08-29T18:30:00+00:00] close=78158.01 ema_fast=77993.0087 ema_mid=77869.1871 ema_slow=77971.9118 rsi_fast=71.1021
[2026-08-29T19:00:00+00:00] close=78240.90 ema_fast=78042.5869 ema_mid=77902.9792 ema_slow=77982.4604 rsi_fast=74.4979
[2026-08-29T19:30:00+00:00] close=78182.00 ema_fast=78070.4695 ema_mid=77928.3447 ema_slow=77990.2854 rsi_fast=68.1006
[2026-08-29T20:00:00+00:00] close=78182.01 ema_fast=78092.7776 ema_mid=77951.4052 ema_slow=77997.8041 rsi_fast=68.1012
[2026-08-29T20:30:00+00:00] close=78129.92 ema_fast=78100.2061 ema_mid=77967.6338 ema_slow=78002.9851 rsi_fast=62.1296
[2026-08-29T21:00:00+00:00] close=78107.61 ema_fast=78101.6869 ema_mid=77980.3589 ema_slow=78007.0880 rsi_fast=59.6110
[2026-08-29T21:30:00+00:00] close=78161.63 ema_fast=78113.6755 ema_mid=77996.8381 ema_slow=78013.1485 rsi_fast=63.6274
[2026-08-29T22:00:00+00:00] close=78146.78 ema_fast=78120.2964 ema_mid=78010.4692 ema_slow=78018.3889 rsi_fast=61.7290
[2026-08-29T22:30:00+00:00] close=78228.34 ema_fast=78141.9051 ema_mid=78030.2756 ema_slow=78026.6223 rsi_fast=67.6862
[2026-08-29T23:00:00+00:00] close=78261.43 ema_fast=78165.8101 ema_mid=78051.2897 ema_slow=78035.8305 rsi_fast=69.8297
[2026-08-29T23:30:00+00:00] close=78230.00 ema_fast=78178.6481 ema_mid=78067.5361 ema_slow=78043.4449 rsi_fast=65.2076
[2026-08-30T00:00:00+00:00] close=78216.52 ema_fast=78186.2225 ema_mid=78081.0800 ema_slow=78050.2322 rsi_fast=63.1896
[2026-08-30T00:30:00+00:00] close=78179.86 ema_fast=78184.9500 ema_mid=78090.0600 ema_slow=78055.3156 rsi_fast=57.7239
[2026-08-30T01:00:00+00:00] close=78016.17 ema_fast=78151.1940 ema_mid=78083.3428 ema_slow=78053.7805 rsi_fast=40.2399
[2026-08-30T01:30:00+00:00] close=78081.50 ema_fast=78137.2552 ema_mid=78083.1752 ema_slow=78054.8676 rsi_fast=47.3941
[2026-08-30T02:00:00+00:00] close=78042.50 ema_fast=78118.3041 ema_mid=78079.4775 ema_slow=78054.3826 rsi_fast=43.8672
[2026-08-30T02:30:00+00:00] close=78106.01 ema_fast=78115.8453 ema_mid=78081.8895 ema_slow=78056.4072 rsi_fast=50.6018
[2026-08-30T03:00:00+00:00] close=78168.00 ema_fast=78126.2763 ema_mid=78089.7178 ema_slow=78060.7834 rsi_fast=56.3521
[2026-08-30T03:30:00+00:00] close=78144.68 ema_fast=78129.9570 ema_mid=78094.7143 ema_slow=78064.0734 rsi_fast=53.7063
[2026-08-30T04:00:00+00:00] close=78122.04 ema_fast=78128.3736 ema_mid=78097.1985 ema_slow=78066.3466 rsi_fast=51.0865
[2026-08-30T04:30:00+00:00] close=78109.75 ema_fast=78124.6489 ema_mid=78098.3395 ema_slow=78068.0487 rsi_fast=49.6087
[2026-08-30T05:00:00+00:00] close=78140.00 ema_fast=78127.7191 ema_mid=78102.1268 ema_slow=78070.8703 rsi_fast=53.3458
[2026-08-30T05:30:00+00:00] close=78127.71 ema_fast=78127.7173 ema_mid=78104.4526 ema_slow=78073.0993 rsi_fast=51.5968
[2026-08-30T06:00:00+00:00] close=78177.41 ema_fast=78137.6558 ema_mid=78111.0851 ema_slow=78077.1900 rsi_fast=57.8793
[2026-08-30T06:30:00+00:00] close=78280.34 ema_fast=78166.1927 ema_mid=78126.4719 ema_slow=78085.1566 rsi_fast=67.6594
[2026-08-30T07:00:00+00:00] close=78230.00 ema_fast=78178.9541 ema_mid=78135.8835 ema_slow=78090.8368 rsi_fast=59.9949
[2026-08-30T07:30:00+00:00] close=78118.00 ema_fast=78166.7633 ema_mid=78134.2578 ema_slow=78091.9020 rsi_fast=46.7417
[2026-08-30T08:00:00+00:00] close=78154.09 ema_fast=78164.2286 ema_mid=78136.0607 ema_slow=78094.3407 rsi_fast=50.6904
[2026-08-30T08:30:00+00:00] close=78074.01 ema_fast=78146.1849 ema_mid=78130.4197 ema_slow=78093.5434 rsi_fast=42.7738
[2026-08-30T09:00:00+00:00] close=77991.65 ema_fast=78115.2779 ema_mid=78117.8043 ema_slow=78089.5476 rsi_fast=36.2275
[2026-08-30T09:30:00+00:00] close=78000.01 ema_fast=78092.2243 ema_mid=78107.0957 ema_slow=78086.0363 rsi_fast=37.3229
[2026-08-30T10:00:00+00:00] close=78050.00 ema_fast=78083.7795 ema_mid=78101.9052 ema_slow=78084.6232 rsi_fast=43.8150
[2026-08-30T10:30:00+00:00] close=78145.29 ema_fast=78096.0816 ema_mid=78105.8493 ema_slow=78087.0022 rsi_fast=54.0267
[2026-08-30T11:00:00+00:00] close=78220.00 ema_fast=78120.8653 ema_mid=78116.2266 ema_slow=78092.2178 rsi_fast=60.3785
[2026-08-30T11:30:00+00:00] close=78166.00 ema_fast=78129.8922 ema_mid=78120.7515 ema_slow=78095.1113 rsi_fast=54.2803
[2026-08-30T12:00:00+00:00] close=78627.99 ema_fast=78229.5118 ema_mid=78166.8641 ema_slow=78116.0085 rsi_fast=76.8167
[2026-08-30T12:30:00+00:00] close=78785.06 ema_fast=78340.6214 ema_mid=78223.0637 ema_slow=78142.2458 rsi_fast=80.4942
[2026-08-30T13:00:00+00:00] close=78729.90 ema_fast=78418.4771 ema_mid=78269.1397 ema_slow=78165.2910 rsi_fast=75.7471
[2026-08-30T13:30:00+00:00] close=78860.00 ema_fast=78506.7817 ema_mid=78322.8543 ema_slow=78192.5345 rsi_fast=79.0288
[2026-08-30T14:00:00+00:00] close=78868.74 ema_fast=78579.1734 ema_mid=78372.4803 ema_slow=78219.0524 rsi_fast=79.2410
[2026-08-30T14:30:00+00:00] close=78783.71 ema_fast=78620.0807 ema_mid=78409.8648 ema_slow=78241.1958 rsi_fast=71.3374
[2026-08-30T15:00:00+00:00] close=78791.68 ema_fast=78654.4006 ema_mid=78444.5753 ema_slow=78262.7834 rsi_fast=71.6357
[2026-08-30T15:30:00+00:00] close=78823.63 ema_fast=78688.2464 ema_mid=78479.0348 ema_slow=78284.7774 rsi_fast=72.9074
[2026-08-30T16:00:00+00:00] close=79043.77 ema_fast=78759.3512 ema_mid=78530.3743 ema_slow=78314.5418 rsi_fast=79.8947
[2026-08-30T16:30:00+00:00] close=79337.93 ema_fast=78875.0669 ema_mid=78603.7885 ema_slow=78354.6747 rsi_fast=85.5118
[2026-08-30T17:00:00+00:00] close=78940.62 ema_fast=78888.1775 ema_mid=78634.4095 ema_slow=78377.6530 rsi_fast=60.0285
[2026-08-30T17:30:00+00:00] close=79021.02 ema_fast=78914.7460 ema_mid=78669.5559 ema_slow=78402.8830 rsi_fast=62.5680
[2026-08-30T18:00:00+00:00] close=79009.61 ema_fast=78933.7188 ema_mid=78700.4700 ema_slow=78426.6763 rsi_fast=61.9397
[2026-08-30T18:30:00+00:00] close=79036.69 ema_fast=78954.3131 ema_mid=78731.0354 ema_slow=78450.5984 rsi_fast=62.9335
[2026-08-30T19:00:00+00:00] close=78917.24 ema_fast=78946.8984 ema_mid=78747.9631 ema_slow=78468.8980 rsi_fast=55.7144
[2026-08-30T19:30:00+00:00] close=78856.39 ema_fast=78928.7968 ema_mid=78757.8201 ema_slow=78484.0938 rsi_fast=52.2777
[2026-08-30T20:00:00+00:00] close=78842.00 ema_fast=78911.4374 ema_mid=78765.4728 ema_slow=78498.1293 rsi_fast=51.4336
[2026-08-30T20:30:00+00:00] close=78597.33 ema_fast=78848.6159 ema_mid=78750.1871 ema_slow=78502.0196 rsi_fast=39.2971
[2026-08-30T21:00:00+00:00] close=78644.00 ema_fast=78807.6927 ema_mid=78740.5337 ema_slow=78507.5874 rsi_fast=42.2227
[2026-08-30T21:30:00+00:00] close=78653.00 ema_fast=78776.7542 ema_mid=78732.5761 ema_slow=78513.2899 rsi_fast=42.8206
[2026-08-30T22:00:00+00:00] close=78382.11 ema_fast=78697.8254 ema_mid=78700.7156 ema_slow=78508.1456 rsi_fast=31.7099
[2026-08-30T22:30:00+00:00] close=78422.01 ema_fast=78642.6623 ema_mid=78675.3787 ema_slow=78504.7677 rsi_fast=34.5250
[2026-08-30T23:00:00+00:00] close=77678.09 ema_fast=78449.7478 ema_mid=78584.7161 ema_slow=78472.3490 rsi_fast=18.5155
[2026-08-30T23:30:00+00:00] close=77682.00 ema_fast=78296.1983 ema_mid=78502.6510 ema_slow=78441.3549 rsi_fast=18.7383
[2026-08-31T00:00:00+00:00] close=77901.33 ema_fast=78217.2246 ema_mid=78447.9854 ema_slow=78420.1774 rsi_fast=30.6970
[2026-08-31T00:30:00+00:00] close=77937.04 ema_fast=78161.1877 ema_mid=78401.5359 ema_slow=78401.2309 rsi_fast=32.5160
[2026-08-31T01:00:00+00:00] close=77775.26 ema_fast=78084.0021 ema_mid=78344.6017 ema_slow=78376.6830 rsi_fast=28.6794
[2026-08-31T01:30:00+00:00] close=77640.94 ema_fast=77995.3897 ema_mid=78280.6324 ema_slow=78347.8303 rsi_fast=25.8324
[2026-08-31T02:00:00+00:00] close=77875.05 ema_fast=77971.3218 ema_mid=78243.7613 ema_slow=78329.2899 rsi_fast=37.9167
[2026-08-31T02:30:00+00:00] close=77473.99 ema_fast=77871.8554 ema_mid=78173.7821 ema_slow=78295.7488 rsi_fast=28.8556
[2026-08-31T03:00:00+00:00] close=77731.11 ema_fast=77843.7063 ema_mid=78133.5392 ema_slow=78273.6061 rsi_fast=39.3151
[2026-08-31T03:30:00+00:00] close=77756.71 ema_fast=77826.3071 ema_mid=78099.2820 ema_slow=78253.3356 rsi_fast=40.2982
[2026-08-31T04:00:00+00:00] close=77514.01 ema_fast=77763.8477 ema_mid=78046.0754 ema_slow=78224.3425 rsi_fast=34.3610
[2026-08-31T04:30:00+00:00] close=77622.28 ema_fast=77735.5341 ema_mid=78007.5486 ema_slow=78200.7322 rsi_fast=38.8803
[2026-08-31T05:00:00+00:00] close=77998.84 ema_fast=77788.1953 ema_mid=78006.7569 ema_slow=78192.8148 rsi_fast=51.8512
[2026-08-31T05:30:00+00:00] close=78016.00 ema_fast=77833.7562 ema_mid=78007.5972 ema_slow=78185.8809 rsi_fast=52.3694
[2026-08-31T06:00:00+00:00] close=78007.99 ema_fast=77868.6030 ema_mid=78007.6329 ema_slow=78178.9048 rsi_fast=52.0751
[2026-08-31T06:30:00+00:00] close=78093.87 ema_fast=77913.6564 ema_mid=78015.4726 ema_slow=78175.5701 rsi_fast=55.1176
[2026-08-31T07:00:00+00:00] close=78213.01 ema_fast=77973.5271 ema_mid=78033.4306 ema_slow=78177.0383 rsi_fast=59.1637
[2026-08-31T07:30:00+00:00] close=78196.01 ema_fast=78018.0237 ema_mid=78048.2105 ema_slow=78177.7823 rsi_fast=58.3197
[2026-08-31T08:00:00+00:00] close=78094.00 ema_fast=78033.2190 ema_mid=78052.3732 ema_slow=78174.4967 rsi_fast=53.1970
[2026-08-31T08:30:00+00:00] close=78480.80 ema_fast=78122.7352 ema_mid=78091.3211 ema_slow=78186.5086 rsi_fast=65.9539
[2026-08-31T09:00:00+00:00] close=78652.06 ema_fast=78228.6001 ema_mid=78142.2974 ema_slow=78204.7655 rsi_fast=70.0237
[2026-08-31T09:30:00+00:00] close=78511.03 ema_fast=78285.0861 ema_mid=78175.8185 ema_slow=78216.7759 rsi_fast=63.0423
[2026-08-31T10:00:00+00:00] close=78438.16 ema_fast=78315.7009 ema_mid=78199.6677 ema_slow=78225.4576 rsi_fast=59.5888
[2026-08-31T10:30:00+00:00] close=78710.01 ema_fast=78394.5627 ema_mid=78246.0625 ema_slow=78244.4597 rsi_fast=67.1429
[2026-08-31T11:00:00+00:00] close=78480.08 ema_fast=78411.6662 ema_mid=78267.3368 ema_slow=78253.6997 rsi_fast=57.0037
[2026-08-31T11:30:00+00:00] close=78315.43 ema_fast=78392.4189 ema_mid=78271.7089 ema_slow=78256.1205 rsi_fast=50.8212
[2026-08-31T12:00:00+00:00] close=78092.01 ema_fast=78332.3371 ema_mid=78255.3726 ema_slow=78249.6848 rsi_fast=43.6021
[2026-08-31T12:30:00+00:00] close=77930.39 ema_fast=78251.9477 ema_mid=78225.8288 ema_slow=78237.1634 rsi_fast=39.0839
[2026-08-31T13:00:00+00:00] close=78055.64 ema_fast=78212.6862 ema_mid=78210.3571 ema_slow=78230.0449 rsi_fast=44.1312
[2026-08-31T13:30:00+00:00] close=77867.39 ema_fast=78143.6269 ema_mid=78179.1782 ema_slow=78215.8231 rsi_fast=38.7082
[2026-08-31T14:00:00+00:00] close=78030.08 ema_fast=78120.9176 ema_mid=78165.6239 ema_slow=78208.5391 rsi_fast=45.2495
[2026-08-31T14:30:00+00:00] close=78600.14 ema_fast=78216.7620 ema_mid=78205.1253 ema_slow=78223.8960 rsi_fast=61.4622
[2026-08-31T15:00:00+00:00] close=78462.94 ema_fast=78265.9976 ema_mid=78228.5630 ema_slow=78233.2702 rsi_fast=56.9001
[2026-08-31T15:30:00+00:00] close=78580.42 ema_fast=78328.8821 ema_mid=78260.5500 ema_slow=78246.8840 rsi_fast=59.7762
[2026-08-31T16:00:00+00:00] close=78647.20 ema_fast=78392.5457 ema_mid=78295.7000 ema_slow=78262.5826 rsi_fast=61.4225
[2026-08-31T16:30:00+00:00] close=78639.57 ema_fast=78441.9505 ema_mid=78326.9609 ema_slow=78277.3664 rsi_fast=61.1010
[2026-08-31T17:00:00+00:00] close=78534.26 ema_fast=78460.4124 ema_mid=78345.8063 ema_slow=78287.4407 rsi_fast=56.5092
[2026-08-31T17:30:00+00:00] close=78897.36 ema_fast=78547.8020 ema_mid=78395.9475 ema_slow=78311.3591 rsi_fast=66.3255
[2026-08-31T18:00:00+00:00] close=78908.00 ema_fast=78619.8416 ema_mid=78442.4978 ema_slow=78334.7568 rsi_fast=66.5742
[2026-08-31T18:30:00+00:00] close=79016.00 ema_fast=78699.0732 ema_mid=78494.6343 ema_slow=78361.4722 rsi_fast=69.1741
[2026-08-31T19:00:00+00:00] close=79090.01 ema_fast=78777.2606 ema_mid=78548.7594 ema_slow=78390.0423 rsi_fast=70.9179
[2026-08-31T19:30:00+00:00] close=78898.06 ema_fast=78801.4205 ema_mid=78580.5140 ema_slow=78409.9646 rsi_fast=60.8705
[2026-08-31T20:00:00+00:00] close=78923.08 ema_fast=78825.7524 ema_mid=78611.6564 ema_slow=78430.0868 rsi_fast=61.6669
[2026-08-31T20:30:00+00:00] close=78864.72 ema_fast=78833.5459 ema_mid=78634.6621 ema_slow=78447.1312 rsi_fast=58.5405
[2026-08-31T21:00:00+00:00] close=78960.38 ema_fast=78858.9127 ema_mid=78664.2729 ema_slow=78467.2586 rsi_fast=62.0852
[2026-08-31T21:30:00+00:00] close=78964.32 ema_fast=78879.9942 ema_mid=78691.5499 ema_slow=78486.7512 rsi_fast=62.2348
[2026-08-31T22:00:00+00:00] close=78761.92 ema_fast=78856.3793 ema_mid=78697.9472 ema_slow=78497.5421 rsi_fast=50.6779
[2026-08-31T22:30:00+00:00] close=78593.15 ema_fast=78803.7335 ema_mid=78688.4201 ema_slow=78501.2915 rsi_fast=43.1595
[2026-08-31T23:00:00+00:00] close=78580.57 ema_fast=78759.1008 ema_mid=78678.6156 ema_slow=78504.4004 rsi_fast=42.6292
[2026-08-31T23:30:00+00:00] close=78581.29 ema_fast=78723.5386 ema_mid=78669.7678 ema_slow=78507.4157 rsi_fast=42.6745
[2026-09-01T00:00:00+00:00] close=78872.73 ema_fast=78753.3769 ema_mid=78688.2189 ema_slow=78521.7418 rsi_fast=57.8489
[2026-09-01T00:30:00+00:00] close=78652.00 ema_fast=78733.1015 ema_mid=78684.9263 ema_slow=78526.8499 rsi_fast=47.2027
[2026-09-01T01:00:00+00:00] close=78421.38 ema_fast=78670.7572 ema_mid=78660.9675 ema_slow=78522.7138 rsi_fast=38.8079
[2026-09-01T01:30:00+00:00] close=78410.62 ema_fast=78618.7298 ema_mid=78638.2087 ema_slow=78518.3180 rsi_fast=38.4490
[2026-09-01T02:00:00+00:00] close=78215.99 ema_fast=78538.1818 ema_mid=78599.8251 ema_slow=78506.4620 rsi_fast=32.3590
[2026-09-01T02:30:00+00:00] close=78449.99 ema_fast=78520.5435 ema_mid=78586.2038 ema_slow=78504.2474 rsi_fast=44.2934
[2026-09-01T03:00:00+00:00] close=78477.87 ema_fast=78512.0088 ema_mid=78576.3552 ema_slow=78503.2130 rsi_fast=45.5804
[2026-09-01T03:30:00+00:00] close=78679.01 ema_fast=78545.4090 ema_mid=78585.6875 ema_slow=78510.1070 rsi_fast=54.1733
[2026-09-01T04:00:00+00:00] close=78829.54 ema_fast=78602.2352 ema_mid=78607.8559 ema_slow=78522.6338 rsi_fast=59.5508
[2026-09-01T04:30:00+00:00] close=78727.11 ema_fast=78627.2102 ema_mid=78618.6972 ema_slow=78530.6525 rsi_fast=54.6423
[2026-09-01T05:00:00+00:00] close=78993.19 ema_fast=78700.4061 ema_mid=78652.7420 ema_slow=78548.7912 rsi_fast=63.4471
[2026-09-01T05:30:00+00:00] close=79179.99 ema_fast=78796.3229 ema_mid=78700.6736 ema_slow=78573.5441 rsi_fast=68.3062
[2026-09-01T06:00:00+00:00] close=78897.64 ema_fast=78816.5863 ema_mid=78718.5797 ema_slow=78586.2537 rsi_fast=55.7125
[2026-09-01T06:30:00+00:00] close=78745.39 ema_fast=78802.3471 ema_mid=78721.0170 ema_slow=78592.4944 rsi_fast=50.1082
[2026-09-01T07:00:00+00:00] close=78781.50 ema_fast=78798.1776 ema_mid=78726.5154 ema_slow=78599.9064 rsi_fast=51.4124
[2026-09-01T07:30:00+00:00] close=78632.37 ema_fast=78765.0161 ema_mid=78717.9567 ema_slow=78601.1794 rsi_fast=45.8447
[2026-09-01T08:00:00+00:00] close=77888.00 ema_fast=78589.6129 ema_mid=78642.5061 ema_slow=78573.2116 rsi_fast=28.5086
[2026-09-01T08:30:00+00:00] close=77883.28 ema_fast=78448.3463 ema_mid=78573.4856 ema_slow=78546.1555 rsi_fast=28.4319
[2026-09-01T09:00:00+00:00] close=77931.29 ema_fast=78344.9351 ema_mid=78515.1042 ema_slow=78522.0431 rsi_fast=30.5693
[2026-09-01T09:30:00+00:00] close=77915.00 ema_fast=78258.9480 ema_mid=78460.5492 ema_slow=78498.2375 rsi_fast=30.2248
[2026-09-01T10:00:00+00:00] close=78005.85 ema_fast=78208.3284 ema_mid=78419.2129 ema_slow=78478.9282 rsi_fast=34.8334
[2026-09-01T10:30:00+00:00] close=78029.67 ema_fast=78172.5967 ema_mid=78383.7999 ema_slow=78461.3102 rsi_fast=36.0787
[2026-09-01T11:00:00+00:00] close=78009.12 ema_fast=78139.9014 ema_mid=78349.7381 ema_slow=78443.5773 rsi_fast=35.4218
[2026-09-01T11:30:00+00:00] close=78098.97 ema_fast=78131.7151 ema_mid=78326.9410 ema_slow=78430.0633 rsi_fast=40.7305
[2026-09-01T12:00:00+00:00] close=77994.01 ema_fast=78104.1741 ema_mid=78296.6746 ema_slow=78412.9631 rsi_fast=36.7592
[2026-09-01T12:30:00+00:00] close=78004.00 ema_fast=78084.1393 ema_mid=78270.0678 ema_slow=78396.9254 rsi_fast=37.4126
[2026-09-01T13:00:00+00:00] close=77888.39 ema_fast=78044.9894 ema_mid=78235.3698 ema_slow=78376.9828 rsi_fast=32.9767
[2026-09-01T13:30:00+00:00] close=78071.99 ema_fast=78050.3895 ema_mid=78220.5171 ema_slow=78365.0223 rsi_fast=44.6927
[2026-09-01T14:00:00+00:00] close=78262.15 ema_fast=78092.7416 ema_mid=78224.3019 ema_slow=78360.9881 rsi_fast=54.0516
[2026-09-01T14:30:00+00:00] close=78167.99 ema_fast=78107.7913 ema_mid=78219.1826 ema_slow=78353.4195 rsi_fast=49.3954
[2026-09-01T15:00:00+00:00] close=77869.21 ema_fast=78060.0750 ema_mid=78187.3670 ema_slow=78334.4309 rsi_fast=37.7783
[2026-09-01T15:30:00+00:00] close=77919.06 ema_fast=78031.8720 ema_mid=78162.9754 ema_slow=78318.1419 rsi_fast=40.4089
[2026-09-01T16:00:00+00:00] close=77623.13 ema_fast=77950.1236 ema_mid=78113.8986 ema_slow=78290.8865 rsi_fast=31.5115
[2026-09-01T16:30:00+00:00] close=77596.01 ema_fast=77879.3009 ema_mid=78066.8178 ema_slow=78263.6364 rsi_fast=30.8121
[2026-09-01T17:00:00+00:00] close=77513.92 ema_fast=77806.2247 ema_mid=78016.5543 ema_slow=78234.2358 rsi_fast=28.6468
[2026-09-01T17:30:00+00:00] close=77265.79 ema_fast=77698.1378 ema_mid=77948.3030 ema_slow=78196.2575 rsi_fast=23.1215
[2026-09-01T18:00:00+00:00] close=77057.21 ema_fast=77569.9522 ema_mid=77867.2946 ema_slow=78151.5890 rsi_fast=19.5547
[2026-09-01T18:30:00+00:00] close=77153.90 ema_fast=77486.7418 ema_mid=77802.4405 ema_slow=78112.4639 rsi_fast=25.5446
[2026-09-01T19:00:00+00:00] close=77362.45 ema_fast=77461.8834 ema_mid=77762.4414 ema_slow=78083.0516 rsi_fast=36.9383
[2026-09-01T19:30:00+00:00] close=77312.00 ema_fast=77431.9067 ema_mid=77721.4922 ema_slow=78052.8143 rsi_fast=35.4615
[2026-09-01T20:00:00+00:00] close=77400.00 ema_fast=77425.5254 ema_mid=77692.2656 ema_slow=78027.2137 rsi_fast=40.1565
[2026-09-01T20:30:00+00:00] close=77448.45 ema_fast=77430.1103 ema_mid=77670.1006 ema_slow=78004.5171 rsi_fast=42.7368
[2026-09-01T21:00:00+00:00] close=77188.68 ema_fast=77381.8242 ema_mid=77626.3351 ema_slow=77972.5235 rsi_fast=33.9161
[2026-09-01T21:30:00+00:00] close=77211.32 ema_fast=77347.7234 ema_mid=77588.6064 ema_slow=77942.6724 rsi_fast=35.2269
[2026-09-01T22:00:00+00:00] close=77072.00 ema_fast=77292.5787 ema_mid=77541.6422 ema_slow=77908.5284 rsi_fast=30.9737
[2026-09-01T22:30:00+00:00] close=77274.02 ema_fast=77288.8670 ema_mid=77517.3129 ema_slow=77883.6457 rsi_fast=42.3320
[2026-09-01T23:00:00+00:00] close=77396.84 ema_fast=77310.4616 ema_mid=77506.3608 ema_slow=77864.5553 rsi_fast=48.1657
[2026-09-01T23:30:00+00:00] close=77439.00 ema_fast=77336.1693 ema_mid=77500.2371 ema_slow=77847.8668 rsi_fast=50.1145
[2026-09-02T00:00:00+00:00] close=77262.90 ema_fast=77321.5154 ema_mid=77478.6610 ema_slow=77824.9270 rsi_fast=42.5901
[2026-09-02T00:30:00+00:00] close=77213.25 ema_fast=77299.8623 ema_mid=77454.5327 ema_slow=77800.9396 rsi_fast=40.6540
[2026-09-02T01:00:00+00:00] close=77150.00 ema_fast=77269.8899 ema_mid=77426.8479 ema_slow=77775.4126 rsi_fast=38.1675
[2026-09-02T01:30:00+00:00] close=77020.68 ema_fast=77220.0479 ema_mid=77389.9236 ema_slow=77745.8152 rsi_fast=33.4601
[2026-09-02T02:00:00+00:00] close=77325.48 ema_fast=77241.1343 ema_mid=77384.0651 ema_slow=77729.3315 rsi_fast=49.8581
[2026-09-02T02:30:00+00:00] close=77329.20 ema_fast=77258.7475 ema_mid=77379.0773 ema_slow=77713.6401 rsi_fast=50.0272
[2026-09-02T03:00:00+00:00] close=77660.56 ema_fast=77339.1100 ema_mid=77404.6667 ema_slow=77711.5585 rsi_fast=62.6493
[2026-09-02T03:30:00+00:00] close=77563.50 ema_fast=77383.9880 ema_mid=77419.1061 ema_slow=77705.7523 rsi_fast=57.8355
[2026-09-02T04:00:00+00:00] close=77431.27 ema_fast=77393.4444 ema_mid=77420.2119 ema_slow=77694.9883 rsi_fast=51.7422
[2026-09-02T04:30:00+00:00] close=77561.82 ema_fast=77427.1195 ema_mid=77433.0853 ema_slow=77689.7660 rsi_fast=56.7977
[2026-09-02T05:00:00+00:00] close=77744.78 ema_fast=77490.6516 ema_mid=77461.4212 ema_slow=77691.9234 rsi_fast=62.9219
[2026-09-02T05:30:00+00:00] close=77651.07 ema_fast=77522.7353 ema_mid=77478.6620 ema_slow=77690.3213 rsi_fast=58.1704
[2026-09-02T06:00:00+00:00] close=77545.93 ema_fast=77527.3742 ema_mid=77484.7773 ema_slow=77684.6589 rsi_fast=53.1084
[2026-09-02T06:30:00+00:00] close=77611.54 ema_fast=77544.2074 ema_mid=77496.3012 ema_slow=77681.7915 rsi_fast=55.8081
[2026-09-02T07:00:00+00:00] close=77598.00 ema_fast=77554.9659 ema_mid=77505.5465 ema_slow=77678.5055 rsi_fast=55.0720
[2026-09-02T07:30:00+00:00] close=77473.85 ema_fast=77538.7427 ema_mid=77502.6650 ema_slow=77670.4798 rsi_fast=48.4762
[2026-09-02T08:00:00+00:00] close=77248.01 ema_fast=77480.5962 ema_mid=77479.5146 ema_slow=77653.9124 rsi_fast=38.9336
[2026-09-02T08:30:00+00:00] close=76854.11 ema_fast=77355.2989 ema_mid=77422.6596 ema_slow=77622.5476 rsi_fast=28.0854
[2026-09-02T09:00:00+00:00] close=76891.96 ema_fast=77262.6312 ema_mid=77374.4142 ema_slow=77593.8971 rsi_fast=30.1882
[2026-09-02T09:30:00+00:00] close=76752.26 ema_fast=77160.5569 ema_mid=77317.8547 ema_slow=77560.8917 rsi_fast=26.9198
[2026-09-02T10:00:00+00:00] close=76571.80 ema_fast=77042.8055 ema_mid=77250.0316 ema_slow=77522.1038 rsi_fast=23.2602
[2026-09-02T10:30:00+00:00] close=76680.88 ema_fast=76970.4204 ema_mid=77198.2905 ema_slow=77489.1146 rsi_fast=29.7541
[2026-09-02T11:00:00+00:00] close=76502.00 ema_fast=76876.7363 ema_mid=77134.9914 ema_slow=77450.4043 rsi_fast=25.7362
[2026-09-02T11:30:00+00:00] close=76828.76 ema_fast=76867.1411 ema_mid=77107.1522 ema_slow=77426.0261 rsi_fast=41.8682
[2026-09-02T12:00:00+00:00] close=76988.50 ema_fast=76891.4129 ema_mid=77096.3656 ema_slow=77408.8682 rsi_fast=48.0719
[2026-09-02T12:30:00+00:00] close=76613.88 ema_fast=76835.9063 ema_mid=77052.5033 ema_slow=77377.6922 rsi_fast=37.5105
[2026-09-02T13:00:00+00:00] close=76881.11 ema_fast=76844.9470 ema_mid=77036.9221 ema_slow=77358.2184 rsi_fast=46.8767
[2026-09-02T13:30:00+00:00] close=77146.00 ema_fast=76905.1576 ema_mid=77046.8382 ema_slow=77349.8961 rsi_fast=54.4843
[2026-09-02T14:00:00+00:00] close=77336.51 ema_fast=76991.4281 ema_mid=77073.1720 ema_slow=77349.3711 rsi_fast=59.2105
[2026-09-02T14:30:00+00:00] close=77066.42 ema_fast=77006.4265 ema_mid=77072.5582 ema_slow=77338.2750 rsi_fast=50.7977
[2026-09-02T15:00:00+00:00] close=77039.92 ema_fast=77013.1252 ema_mid=77069.5911 ema_slow=77326.5748 rsi_fast=50.0133
[2026-09-02T15:30:00+00:00] close=77288.98 ema_fast=77068.2961 ema_mid=77089.5355 ema_slow=77325.1005 rsi_fast=57.0289
[2026-09-02T16:00:00+00:00] close=77464.02 ema_fast=77147.4409 ema_mid=77123.5796 ema_slow=77330.5483 rsi_fast=61.3210
[2026-09-02T16:30:00+00:00] close=77171.50 ema_fast=77152.2527 ema_mid=77127.9360 ema_slow=77324.3111 rsi_fast=51.6263
[2026-09-02T17:00:00+00:00] close=77100.00 ema_fast=77141.8022 ema_mid=77125.3964 ema_slow=77315.5146 rsi_fast=49.4754
[2026-09-02T17:30:00+00:00] close=77381.66 ema_fast=77189.7737 ema_mid=77148.6930 ema_slow=77318.1086 rsi_fast=57.3501
[2026-09-02T18:00:00+00:00] close=77447.28 ema_fast=77241.2750 ema_mid=77175.8373 ema_slow=77323.1741 rsi_fast=59.0240
[2026-09-02T18:30:00+00:00] close=77377.76 ema_fast=77268.5720 ema_mid=77194.1939 ema_slow=77325.3147 rsi_fast=56.3864
[2026-09-02T19:00:00+00:00] close=77168.66 ema_fast=77248.5896 ema_mid=77191.8727 ema_slow=77319.1714 rsi_fast=48.9802
[2026-09-02T19:30:00+00:00] close=77341.47 ema_fast=77267.1657 ema_mid=77205.4724 ema_slow=77320.0459 rsi_fast=54.5327
[2026-09-02T20:00:00+00:00] close=77382.36 ema_fast=77290.2045 ema_mid=77221.5531 ema_slow=77322.4896 rsi_fast=55.8128
[2026-09-02T20:30:00+00:00] close=77406.01 ema_fast=77313.3656 ema_mid=77238.3219 ema_slow=77325.7649 rsi_fast=56.6077
[2026-09-02T21:00:00+00:00] close=77283.48 ema_fast=77307.3885 ema_mid=77242.4272 ema_slow=77324.1066 rsi_fast=51.2354
[2026-09-02T21:30:00+00:00] close=77284.00 ema_fast=77302.7108 ema_mid=77246.2065 ema_slow=77322.5338 rsi_fast=51.2575
[2026-09-02T22:00:00+00:00] close=77024.53 ema_fast=77247.0746 ema_mid=77226.0541 ema_slow=77310.8474 rsi_fast=40.8674
[2026-09-02T22:30:00+00:00] close=77034.03 ema_fast=77204.4657 ema_mid=77208.5974 ema_slow=77299.9918 rsi_fast=41.3570
[2026-09-02T23:00:00+00:00] close=77195.08 ema_fast=77202.5886 ema_mid=77207.3685 ema_slow=77295.8776 rsi_fast=49.3548
[2026-09-02T23:30:00+00:00] close=77340.01 ema_fast=77230.0729 ema_mid=77219.4269 ema_slow=77297.6083 rsi_fast=55.4990
[2026-09-03T00:00:00+00:00] close=77035.87 ema_fast=77191.2323 ema_mid=77202.7399 ema_slow=77287.3441 rsi_fast=43.1423
[2026-09-03T00:30:00+00:00] close=77068.01 ema_fast=77166.5878 ema_mid=77190.4917 ema_slow=77278.7427 rsi_fast=44.6085
[2026-09-03T01:00:00+00:00] close=77438.00 ema_fast=77220.8703 ema_mid=77212.9925 ema_slow=77284.9881 rsi_fast=58.4759
[2026-09-03T01:30:00+00:00] close=77356.70 ema_fast=77248.0362 ema_mid=77226.0568 ema_slow=77287.8003 rsi_fast=55.0678
[2026-09-03T02:00:00+00:00] close=77598.67 ema_fast=77318.1630 ema_mid=77259.9307 ema_slow=77299.9913 rsi_fast=62.4043
[2026-09-03T02:30:00+00:00] close=77816.01 ema_fast=77417.7324 ema_mid=77310.4834 ema_slow=77320.2273 rsi_fast=67.7288
[2026-09-03T03:00:00+00:00] close=77750.00 ema_fast=77484.1859 ema_mid=77350.4394 ema_slow=77337.0812 rsi_fast=64.6026
[2026-09-03T03:30:00+00:00] close=77708.00 ema_fast=77528.9487 ema_mid=77382.9449 ema_slow=77351.6270 rsi_fast=62.5365
[2026-09-03T04:00:00+00:00] close=77576.15 ema_fast=77538.3890 ema_mid=77400.5090 ema_slow=77360.4318 rsi_fast=56.1897
[2026-09-03T04:30:00+00:00] close=77776.00 ema_fast=77585.9112 ema_mid=77434.6446 ema_slow=77376.7286 rsi_fast=62.6530
[2026-09-03T05:00:00+00:00] close=77200.01 ema_fast=77508.7309 ema_mid=77413.3142 ema_slow=77369.7985 rsi_fast=42.3805
[2026-09-03T05:30:00+00:00] close=77809.91 ema_fast=77568.9668 ema_mid=77449.3683 ema_slow=77387.0577 rsi_fast=58.4108
[2026-09-03T06:00:00+00:00] close=77748.46 ema_fast=77604.8654 ema_mid=77476.5585 ema_slow=77401.2304 rsi_fast=56.6252
[2026-09-03T06:30:00+00:00] close=77835.19 ema_fast=77650.9303 ema_mid=77509.1613 ema_slow=77418.2484 rsi_fast=58.6331
[2026-09-03T07:00:00+00:00] close=77954.01 ema_fast=77711.5463 ema_mid=77549.6021 ema_slow=77439.2587 rsi_fast=61.3881
[2026-09-03T07:30:00+00:00] close=77663.15 ema_fast=77701.8670 ema_mid=77559.9247 ema_slow=77448.0387 rsi_fast=51.8742
[2026-09-03T08:00:00+00:00] close=77979.13 ema_fast=77757.3196 ema_mid=77598.0342 ema_slow=77468.8658 rsi_fast=59.5381
[2026-09-03T08:30:00+00:00] close=77843.34 ema_fast=77774.5237 ema_mid=77620.3348 ema_slow=77483.5511 rsi_fast=55.2819
[2026-09-03T09:00:00+00:00] close=77742.67 ema_fast=77768.1529 ema_mid=77631.4561 ema_slow=77493.7126 rsi_fast=52.1714
[2026-09-03T09:30:00+00:00] close=77615.24 ema_fast=77737.5704 ema_mid=77629.9820 ema_slow=77498.4784 rsi_fast=48.3012
[2026-09-03T10:00:00+00:00] close=77630.96 ema_fast=77716.2483 ema_mid=77630.0709 ema_slow=77503.6738 rsi_fast=48.8280
[2026-09-03T10:30:00+00:00] close=77735.88 ema_fast=77720.1746 ema_mid=77639.6899 ema_slow=77512.7799 rsi_fast=52.4651
[2026-09-03T11:00:00+00:00] close=77927.21 ema_fast=77761.5817 ema_mid=77665.8281 ema_slow=77529.0320 rsi_fast=58.5144
[2026-09-03T11:30:00+00:00] close=77948.39 ema_fast=77798.9434 ema_mid=77691.5155 ema_slow=77545.4775 rsi_fast=59.1616
[2026-09-03T12:00:00+00:00] close=77970.09 ema_fast=77833.1727 ema_mid=77716.8405 ema_slow=77562.1289 rsi_fast=59.8830
[2026-09-03T12:30:00+00:00] close=78652.38 ema_fast=77997.0142 ema_mid=77801.8895 ema_slow=77604.8839 rsi_fast=75.3101
[2026-09-03T13:00:00+00:00] close=78494.83 ema_fast=78096.5773 ema_mid=77864.8841 ema_slow=77639.7837 rsi_fast=68.4700
[2026-09-03T13:30:00+00:00] close=78840.52 ema_fast=78245.3659 ema_mid=77953.5783 ema_slow=77686.8714 rsi_fast=74.2443
[2026-09-03T14:00:00+00:00] close=79664.01 ema_fast=78529.0947 ema_mid=78109.0721 ema_slow=77764.4063 rsi_fast=82.7235
[2026-09-03T14:30:00+00:00] close=80549.97 ema_fast=78933.2697 ema_mid=78330.9719 ema_slow=77873.6441 rsi_fast=87.6461
[2026-09-03T15:00:00+00:00] close=80743.75 ema_fast=79295.3658 ema_mid=78550.3153 ema_slow=77986.1972 rsi_fast=88.4555
[2026-09-03T15:30:00+00:00] close=81348.00 ema_fast=79705.8926 ema_mid=78804.6503 ema_slow=78118.0326 rsi_fast=90.6130
[2026-09-03T16:00:00+00:00] close=80765.96 ema_fast=79917.9061 ema_mid=78982.9512 ema_slow=78221.8729 rsi_fast=75.3528
[2026-09-03T16:30:00+00:00] close=80969.37 ema_fast=80128.1989 ema_mid=79163.5347 ema_slow=78329.6179 rsi_fast=76.8834
[2026-09-03T17:00:00+00:00] close=80997.23 ema_fast=80302.0051 ema_mid=79330.2343 ema_slow=78434.2301 rsi_fast=77.1025
[2026-09-03T17:30:00+00:00] close=81042.00 ema_fast=80450.0041 ema_mid=79485.8494 ema_slow=78536.4956 rsi_fast=77.4883
[2026-09-03T18:00:00+00:00] close=80948.00 ema_fast=80549.6033 ema_mid=79618.7721 ema_slow=78631.0644 rsi_fast=74.5229
[2026-09-03T18:30:00+00:00] close=81254.32 ema_fast=80690.5466 ema_mid=79767.4583 ema_slow=78733.9372 rsi_fast=77.6575
[2026-09-03T19:00:00+00:00] close=81546.71 ema_fast=80861.7793 ema_mid=79929.2085 ema_slow=78844.2420 rsi_fast=80.2649
[2026-09-03T19:30:00+00:00] close=81755.41 ema_fast=81040.5054 ema_mid=80095.2268 ema_slow=78958.4055 rsi_fast=81.9558
[2026-09-03T20:00:00+00:00] close=81535.58 ema_fast=81139.5203 ema_mid=80226.1680 ema_slow=79059.4711 rsi_fast=74.4016
[2026-09-03T20:30:00+00:00] close=81473.00 ema_fast=81206.2163 ema_mid=80339.5164 ema_slow=79154.1193 rsi_fast=72.2683
[2026-09-03T21:00:00+00:00] close=81762.00 ema_fast=81317.3730 ema_mid=80468.8330 ema_slow=79256.3892 rsi_fast=75.8638
[2026-09-03T21:30:00+00:00] close=81590.00 ema_fast=81371.8984 ema_mid=80570.7573 ema_slow=79347.9033 rsi_fast=69.8042
[2026-09-03T22:00:00+00:00] close=81131.82 ema_fast=81323.8827 ema_mid=80621.7630 ema_slow=79417.8608 rsi_fast=56.3223
[2026-09-03T22:30:00+00:00] close=81140.00 ema_fast=81287.1062 ema_mid=80668.8755 ema_slow=79485.3957 rsi_fast=56.4910
[2026-09-03T23:00:00+00:00] close=81281.99 ema_fast=81286.0830 ema_mid=80724.6132 ema_slow=79555.8504 rsi_fast=59.5439
[2026-09-03T23:30:00+00:00] close=81270.37 ema_fast=81282.9404 ema_mid=80774.2274 ema_slow=79623.0864 rsi_fast=59.1617
[2026-09-04T00:00:00+00:00] close=81148.01 ema_fast=81255.9543 ema_mid=80808.2076 ema_slow=79682.8874 rsi_fast=54.9812
[2026-09-04T00:30:00+00:00] close=80972.12 ema_fast=81199.1874 ema_mid=80823.1088 ema_slow=79733.4455 rsi_fast=49.3427
[2026-09-04T01:00:00+00:00] close=80827.07 ema_fast=81124.7639 ema_mid=80823.4689 ema_slow=79776.3327 rsi_fast=45.0560
[2026-09-04T01:30:00+00:00] close=80968.01 ema_fast=81093.4132 ema_mid=80836.6090 ema_slow=79823.0652 rsi_fast=49.8213
[2026-09-04T02:00:00+00:00] close=80716.65 ema_fast=81018.0605 ema_mid=80825.7036 ema_slow=79858.1077 rsi_fast=42.4367
[2026-09-04T02:30:00+00:00] close=80831.99 ema_fast=80980.8464 ema_mid=80826.2751 ema_slow=79896.2992 rsi_fast=46.5281
[2026-09-04T03:00:00+00:00] close=80842.01 ema_fast=80953.0791 ema_mid=80827.7056 ema_slow=79933.3859 rsi_fast=46.8970
[2026-09-04T03:30:00+00:00] close=80850.00 ema_fast=80932.4633 ema_mid=80829.7323 ema_slow=79969.3315 rsi_fast=47.2236
[2026-09-04T04:00:00+00:00] close=81267.64 ema_fast=80999.4986 ema_mid=80869.5421 ema_slow=80020.2456 rsi_fast=61.2417
[2026-09-04T04:30:00+00:00] close=81070.54 ema_fast=81013.7069 ema_mid=80887.8146 ema_slow=80061.4336 rsi_fast=53.6727
[2026-09-04T05:00:00+00:00] close=81024.32 ema_fast=81015.8295 ema_mid=80900.2242 ema_slow=80099.1939 rsi_fast=51.9779
[2026-09-04T05:30:00+00:00] close=80996.15 ema_fast=81011.8936 ema_mid=80908.9447 ema_slow=80134.3686 rsi_fast=50.8764
[2026-09-04T06:00:00+00:00] close=80725.38 ema_fast=80954.5909 ema_mid=80892.2570 ema_slow=80157.5455 rsi_fast=41.3914
[2026-09-04T06:30:00+00:00] close=80797.39 ema_fast=80923.1507 ema_mid=80883.6328 ema_slow=80182.6375 rsi_fast=44.4878
[2026-09-04T07:00:00+00:00] close=80862.05 ema_fast=80910.9306 ema_mid=80881.6707 ema_slow=80209.2811 rsi_fast=47.3003
[2026-09-04T07:30:00+00:00] close=80656.87 ema_fast=80860.1185 ema_mid=80861.2343 ema_slow=80226.8336 rsi_fast=40.0556
[2026-09-04T08:00:00+00:00] close=80982.57 ema_fast=80884.6088 ema_mid=80872.2648 ema_slow=80256.4703 rsi_fast=52.9303
[2026-09-04T08:30:00+00:00] close=81147.16 ema_fast=80937.1190 ema_mid=80897.2553 ema_slow=80291.3993 rsi_fast=58.0522
[2026-09-04T09:00:00+00:00] close=81037.65 ema_fast=80957.2252 ema_mid=80910.0184 ema_slow=80320.6641 rsi_fast=53.6799
[2026-09-04T09:30:00+00:00] close=81056.63 ema_fast=80977.1062 ema_mid=80923.3467 ema_slow=80349.5255 rsi_fast=54.3503
[2026-09-04T10:00:00+00:00] close=80961.18 ema_fast=80973.9209 ema_mid=80926.7861 ema_slow=80373.5119 rsi_fast=50.2368
[2026-09-04T10:30:00+00:00] close=81179.63 ema_fast=81015.0627 ema_mid=80949.7719 ema_slow=80405.1244 rsi_fast=58.3525
[2026-09-04T11:00:00+00:00] close=81336.21 ema_fast=81079.2922 ema_mid=80984.9027 ema_slow=80441.6376 rsi_fast=63.1929
[2026-09-04T11:30:00+00:00] close=81224.86 ema_fast=81108.4058 ema_mid=81006.7170 ema_slow=80472.3522 rsi_fast=57.8169
[2026-09-04T12:00:00+00:00] close=81340.00 ema_fast=81154.7246 ema_mid=81037.0154 ema_slow=80506.3776 rsi_fast=61.6156
[2026-09-04T12:30:00+00:00] close=79453.96 ema_fast=80814.5717 ema_mid=80893.1013 ema_slow=80465.1063 rsi_fast=23.1684
[2026-09-04T13:00:00+00:00] close=79312.00 ema_fast=80514.0573 ema_mid=80749.3648 ema_slow=80419.8864 rsi_fast=22.0056
[2026-09-04T13:30:00+00:00] close=79378.67 ema_fast=80286.9799 ema_mid=80624.7562 ema_slow=80379.0544 rsi_fast=24.0203
[2026-09-04T14:00:00+00:00] close=79378.58 ema_fast=80105.2999 ema_mid=80511.4675 ema_slow=80339.8201 rsi_fast=24.0193
[2026-09-04T14:30:00+00:00] close=78915.71 ema_fast=79867.3819 ema_mid=80366.3986 ema_slow=80283.9727 rsi_fast=19.5763
[2026-09-04T15:00:00+00:00] close=79413.03 ema_fast=79776.5115 ema_mid=80279.7287 ema_slow=80249.8181 rsi_fast=34.2722
[2026-09-04T15:30:00+00:00] close=79429.33 ema_fast=79707.0752 ema_mid=80202.4197 ema_slow=80217.6421 rsi_fast=34.7121
[2026-09-04T16:00:00+00:00] close=79549.34 ema_fast=79675.5282 ema_mid=80143.0489 ema_slow=80191.4341 rsi_fast=38.1413
[2026-09-04T16:30:00+00:00] close=79745.73 ema_fast=79689.5685 ema_mid=80106.9290 ema_slow=80173.9555 rsi_fast=43.5953
[2026-09-04T17:00:00+00:00] close=79511.59 ema_fast=79653.9728 ema_mid=80052.8072 ema_slow=80147.9804 rsi_fast=38.9851
[2026-09-04T17:30:00+00:00] close=79472.22 ema_fast=79617.6223 ema_mid=80000.0266 ema_slow=80121.4800 rsi_fast=38.2205
[2026-09-04T18:00:00+00:00] close=79534.55 ema_fast=79601.0078 ema_mid=79957.7105 ema_slow=80098.4631 rsi_fast=40.3057
[2026-09-04T18:30:00+00:00] close=79618.15 ema_fast=79604.4363 ema_mid=79926.8414 ema_slow=80079.6273 rsi_fast=43.1985
[2026-09-04T19:00:00+00:00] close=79808.23 ema_fast=79645.1950 ema_mid=79916.0585 ema_slow=80068.9843 rsi_fast=49.4629
[2026-09-04T19:30:00+00:00] close=79793.34 ema_fast=79674.8240 ema_mid=79904.9023 ema_slow=80058.1747 rsi_fast=48.9868
[2026-09-04T20:00:00+00:00] close=79759.46 ema_fast=79691.7512 ema_mid=79891.6803 ema_slow=80046.4604 rsi_fast=47.8088
[2026-09-04T20:30:00+00:00] close=79697.04 ema_fast=79692.8090 ema_mid=79873.9857 ema_slow=80032.7577 rsi_fast=45.5390
[2026-09-04T21:00:00+00:00] close=79772.57 ema_fast=79708.7612 ema_mid=79864.7661 ema_slow=80022.5542 rsi_fast=48.8451
[2026-09-04T21:30:00+00:00] close=79624.00 ema_fast=79691.8089 ema_mid=79842.8783 ema_slow=80006.9246 rsi_fast=43.0606
[2026-09-04T22:00:00+00:00] close=79706.00 ema_fast=79694.6471 ema_mid=79830.4348 ema_slow=79995.1237 rsi_fast=46.9607
[2026-09-04T22:30:00+00:00] close=79636.09 ema_fast=79682.9357 ema_mid=79812.7671 ema_slow=79981.0439 rsi_fast=44.0657
[2026-09-04T23:00:00+00:00] close=79736.03 ema_fast=79693.5546 ema_mid=79805.7910 ema_slow=79971.4355 rsi_fast=49.1110
[2026-09-04T23:30:00+00:00] close=79660.77 ema_fast=79686.9977 ema_mid=79792.6073 ema_slow=79959.2526 rsi_fast=45.6246
[2026-09-05T00:00:00+00:00] close=79652.71 ema_fast=79680.1401 ema_mid=79779.8893 ema_slow=79947.2313 rsi_fast=45.2376
[2026-09-05T00:30:00+00:00] close=79573.36 ema_fast=79658.7841 ema_mid=79761.1139 ema_slow=79932.5697 rsi_fast=41.3534
[2026-09-05T01:00:00+00:00] close=79693.99 ema_fast=79665.8253 ema_mid=79755.0118 ema_slow=79923.2136 rsi_fast=48.8628
[2026-09-05T01:30:00+00:00] close=79533.34 ema_fast=79639.3282 ema_mid=79734.8598 ema_slow=79907.9245 rsi_fast=40.9978
[2026-09-05T02:00:00+00:00] close=79521.56 ema_fast=79615.7746 ema_mid=79715.4689 ema_slow=79892.7729 rsi_fast=40.4605
[2026-09-05T02:30:00+00:00] close=79569.09 ema_fast=79606.4377 ema_mid=79702.1617 ema_slow=79880.0795 rsi_fast=43.8032
[2026-09-05T03:00:00+00:00] close=79584.00 ema_fast=79601.9501 ema_mid=79691.4197 ema_slow=79868.4685 rsi_fast=44.8950
[2026-09-05T03:30:00+00:00] close=79582.00 ema_fast=79597.9601 ema_mid=79681.4725 ema_slow=79857.2344 rsi_fast=44.7638
[2026-09-05T04:00:00+00:00] close=79558.28 ema_fast=79590.0241 ema_mid=79670.2732 ema_slow=79845.5107 rsi_fast=43.0834
[2026-09-05T04:30:00+00:00] close=79500.01 ema_fast=79572.0213 ema_mid=79654.7947 ema_slow=79831.9617 rsi_fast=39.0338
[2026-09-05T05:00:00+00:00] close=79586.04 ema_fast=79574.8250 ema_mid=79648.5443 ema_slow=79822.3177 rsi_fast=47.2665
[2026-09-05T05:30:00+00:00] close=79577.53 ema_fast=79575.3660 ema_mid=79642.0884 ema_slow=79812.7182 rsi_fast=46.5667
[2026-09-05T06:00:00+00:00] close=79643.03 ema_fast=79588.8988 ema_mid=79642.1740 ema_slow=79806.0637 rsi_fast=52.6383
[2026-09-05T06:30:00+00:00] close=79644.01 ema_fast=79599.9210 ema_mid=79642.3409 ema_slow=79799.7087 rsi_fast=52.7287
[2026-09-05T07:00:00+00:00] close=79717.58 ema_fast=79623.4528 ema_mid=79649.1809 ema_slow=79796.4880 rsi_fast=59.2918
[2026-09-05T07:30:00+00:00] close=79709.96 ema_fast=79640.7543 ema_mid=79654.7062 ema_slow=79793.0947 rsi_fast=58.3478
[2026-09-05T08:00:00+00:00] close=79639.43 ema_fast=79640.4894 ema_mid=79653.3175 ema_slow=79787.0686 rsi_fast=50.0507
[2026-09-05T08:30:00+00:00] close=79650.00 ema_fast=79642.3915 ema_mid=79653.0159 ema_slow=79781.6934 rsi_fast=51.2202
[2026-09-05T09:00:00+00:00] close=79697.72 ema_fast=79653.4572 ema_mid=79657.0799 ema_slow=79778.4003 rsi_fast=56.4045
[2026-09-05T09:30:00+00:00] close=79631.28 ema_fast=79649.0218 ema_mid=79654.7345 ema_slow=79772.6309 rsi_fast=48.3550
[2026-09-05T10:00:00+00:00] close=79615.99 ema_fast=79642.4154 ema_mid=79651.2122 ema_slow=79766.4881 rsi_fast=46.6320
[2026-09-05T10:30:00+00:00] close=79618.01 ema_fast=79637.5343 ema_mid=79648.1938 ema_slow=79760.6654 rsi_fast=46.9132
[2026-09-05T11:00:00+00:00] close=79623.95 ema_fast=79634.8175 ema_mid=79645.9899 ema_slow=79755.3041 rsi_fast=47.8224
[2026-09-05T11:30:00+00:00] close=79609.28 ema_fast=79629.7100 ema_mid=79642.6526 ema_slow=79749.5776 rsi_fast=45.6500
[2026-09-05T12:00:00+00:00] close=79654.97 ema_fast=79634.7620 ema_mid=79643.7724 ema_slow=79745.8675 rsi_fast=53.1130
[2026-09-05T12:30:00+00:00] close=79704.14 ema_fast=79648.6376 ema_mid=79649.2603 ema_slow=79744.2311 rsi_fast=59.7966
[2026-09-05T13:00:00+00:00] close=79754.06 ema_fast=79669.7221 ema_mid=79658.7876 ema_slow=79744.6166 rsi_fast=65.4257
[2026-09-05T13:30:00+00:00] close=79613.67 ema_fast=79658.5117 ema_mid=79654.6860 ema_slow=79739.4814 rsi_fast=45.3405
[2026-09-05T14:00:00+00:00] close=79730.03 ema_fast=79672.8153 ema_mid=79661.5354 ema_slow=79739.1108 rsi_fast=57.5048
[2026-09-05T14:30:00+00:00] close=79719.76 ema_fast=79682.2043 ema_mid=79666.8286 ema_slow=79738.3519 rsi_fast=56.2616
[2026-09-05T15:00:00+00:00] close=79693.36 ema_fast=79684.4354 ema_mid=79669.2405 ema_slow=79736.5875 rsi_fast=52.9510
[2026-09-05T15:30:00+00:00] close=79806.01 ema_fast=79708.7503 ema_mid=79681.6741 ema_slow=79739.3100 rsi_fast=63.3138
[2026-09-05T16:00:00+00:00] close=79891.99 ema_fast=79745.3983 ema_mid=79700.7937 ema_slow=79745.2974 rsi_fast=69.1486
[2026-09-05T16:30:00+00:00] close=80042.00 ema_fast=79804.7186 ema_mid=79731.8125 ema_slow=79756.9328 rsi_fast=76.4883
[2026-09-05T17:00:00+00:00] close=80029.29 ema_fast=79849.6329 ema_mid=79758.8559 ema_slow=79767.6135 rsi_fast=74.7923
[2026-09-05T17:30:00+00:00] close=80058.60 ema_fast=79891.4263 ema_mid=79786.1054 ema_slow=79779.0247 rsi_fast=76.1635
[2026-09-05T18:00:00+00:00] close=79954.71 ema_fast=79904.0830 ema_mid=79801.4331 ema_slow=79785.9144 rsi_fast=62.5874
[2026-09-05T18:30:00+00:00] close=79999.98 ema_fast=79923.2624 ema_mid=79819.4828 ema_slow=79794.3091 rsi_fast=65.5939
[2026-09-05T19:00:00+00:00] close=79962.93 ema_fast=79931.1960 ema_mid=79832.5234 ema_slow=79800.9217 rsi_fast=61.0750
[2026-09-05T19:30:00+00:00] close=79754.00 ema_fast=79895.7568 ema_mid=79825.3849 ema_slow=79799.0816 rsi_fast=42.5003
[2026-09-05T20:00:00+00:00] close=79719.99 ema_fast=79860.6034 ema_mid=79815.8036 ema_slow=79795.9800 rsi_fast=40.2581
[2026-09-05T20:30:00+00:00] close=79737.83 ema_fast=79836.0487 ema_mid=79808.7151 ema_slow=79793.6996 rsi_fast=42.0619
[2026-09-05T21:00:00+00:00] close=79858.13 ema_fast=79840.4650 ema_mid=79813.2073 ema_slow=79796.2263 rsi_fast=52.8594
[2026-09-05T21:30:00+00:00] close=79906.02 ema_fast=79853.5760 ema_mid=79821.6449 ema_slow=79800.5319 rsi_fast=56.4908
[2026-09-05T22:00:00+00:00] close=79811.99 ema_fast=79845.2588 ema_mid=79820.7671 ema_slow=79800.9812 rsi_fast=48.2762
[2026-09-05T22:30:00+00:00] close=79783.99 ema_fast=79833.0050 ema_mid=79817.4238 ema_slow=79800.3149 rsi_fast=46.0338
[2026-09-05T23:00:00+00:00] close=79803.94 ema_fast=79827.1920 ema_mid=79816.1980 ema_slow=79800.4571 rsi_fast=47.9710
[2026-09-05T23:30:00+00:00] close=79831.75 ema_fast=79828.1036 ema_mid=79817.6118 ema_slow=79801.6843 rsi_fast=50.7438
[2026-09-06T00:00:00+00:00] close=79927.37 ema_fast=79847.9569 ema_mid=79827.5898 ema_slow=79806.6131 rsi_fast=59.1624
[2026-09-06T00:30:00+00:00] close=79868.00 ema_fast=79851.9655 ema_mid=79831.2635 ema_slow=79809.0204 rsi_fast=52.8526
[2026-09-06T01:00:00+00:00] close=79922.00 ema_fast=79865.9724 ema_mid=79839.5122 ema_slow=79813.4510 rsi_fast=57.4916
[2026-09-06T01:30:00+00:00] close=79951.39 ema_fast=79883.0559 ema_mid=79849.6829 ema_slow=79818.8604 rsi_fast=59.9070
[2026-09-06T02:00:00+00:00] close=79911.46 ema_fast=79888.7367 ema_mid=79855.2990 ema_slow=79822.4917 rsi_fast=55.1199
[2026-09-06T02:30:00+00:00] close=79907.28 ema_fast=79892.4454 ema_mid=79860.0246 ema_slow=79825.8168 rsi_fast=54.6060
[2026-09-06T03:00:00+00:00] close=79899.13 ema_fast=79893.7823 ema_mid=79863.5796 ema_slow=79828.6918 rsi_fast=53.5116
[2026-09-06T03:30:00+00:00] close=80028.01 ema_fast=79920.6279 ema_mid=79878.5278 ema_slow=79836.5082 rsi_fast=65.7297
[2026-09-06T04:00:00+00:00] close=79932.00 ema_fast=79922.9023 ema_mid=79883.3889 ema_slow=79840.2530 rsi_fast=53.8652
[2026-09-06T04:30:00+00:00] close=79866.01 ema_fast=79911.5238 ema_mid=79881.8090 ema_slow=79841.2631 rsi_fast=47.2679
[2026-09-06T05:00:00+00:00] close=79845.00 ema_fast=79898.2191 ema_mid=79878.4628 ema_slow=79841.4096 rsi_fast=45.2814
[2026-09-06T05:30:00+00:00] close=79989.13 ema_fast=79916.4012 ema_mid=79888.5234 ema_slow=79847.2026 rsi_fast=58.6822
[2026-09-06T06:00:00+00:00] close=79834.46 ema_fast=79900.0130 ema_mid=79883.6086 ema_slow=79846.7028 rsi_fast=45.2912
[2026-09-06T06:30:00+00:00] close=79784.65 ema_fast=79876.9404 ema_mid=79874.6123 ema_slow=79844.2694 rsi_fast=41.8327
[2026-09-06T07:00:00+00:00] close=79823.23 ema_fast=79866.1983 ema_mid=79869.9412 ema_slow=79843.4443 rsi_fast=45.4616
[2026-09-06T07:30:00+00:00] close=79805.00 ema_fast=79853.9587 ema_mid=79864.0375 ema_slow=79841.9367 rsi_fast=44.0023
[2026-09-06T08:00:00+00:00] close=79804.00 ema_fast=79843.9669 ema_mid=79858.5795 ema_slow=79840.4490 rsi_fast=43.9153
[2026-09-06T08:30:00+00:00] close=79837.17 ema_fast=79842.6075 ema_mid=79856.6332 ema_slow=79840.3204 rsi_fast=47.7686
[2026-09-06T09:00:00+00:00] close=79967.93 ema_fast=79867.6720 ema_mid=79866.7511 ema_slow=79845.3247 rsi_fast=59.9668
[2026-09-06T09:30:00+00:00] close=79885.77 ema_fast=79871.2916 ema_mid=79868.4801 ema_slow=79846.9108 rsi_fast=51.4700
[2026-09-06T10:00:00+00:00] close=79973.57 ema_fast=79891.7473 ema_mid=79878.0337 ema_slow=79851.8778 rsi_fast=58.5336
[2026-09-06T10:30:00+00:00] close=80003.93 ema_fast=79914.1838 ema_mid=79889.4788 ema_slow=79857.8407 rsi_fast=60.7557
[2026-09-06T11:00:00+00:00] close=79902.77 ema_fast=79911.9011 ema_mid=79890.6871 ema_slow=79859.6026 rsi_fast=50.5930
[2026-09-06T11:30:00+00:00] close=79919.17 ema_fast=79913.3549 ema_mid=79893.2765 ema_slow=79861.9386 rsi_fast=52.0557
[2026-09-06T12:00:00+00:00] close=79902.11 ema_fast=79911.1059 ema_mid=79894.0795 ema_slow=79863.5139 rsi_fast=50.3126
[2026-08-27T06:30:00+00:00] close=78817.49 ema_fast=None ema_mid=None ema_slow=None rsi_fast=None
[2026-08-27T07:00:00+00:00] close=78795.45 ema_fast=None ema_mid=None ema_slow=None rsi_fast=None
[2026-08-27T07:30:00+00:00] close=79082.17 ema_fast=None ema_mid=None ema_slow=None rsi_fast=None
[2026-08-27T08:00:00+00:00] close=79749.99 ema_fast=None ema_mid=None ema_slow=None rsi_fast=None
[2026-08-27T08:30:00+00:00] close=79755.99 ema_fast=None ema_mid=None ema_slow=None rsi_fast=None
[2026-08-27T09:00:00+00:00] close=80493.86 ema_fast=None ema_mid=None ema_slow=None rsi_fast=None
[2026-08-27T09:30:00+00:00] close=79986.00 ema_fast=None ema_mid=None ema_slow=None rsi_fast=None
[2026-08-27T10:00:00+00:00] close=79664.56 ema_fast=None ema_mid=None ema_slow=None rsi_fast=None
[2026-08-27T10:30:00+00:00] close=79626.00 ema_fast=79552.3900 ema_mid=None ema_slow=None rsi_fast=None
[2026-08-27T11:00:00+00:00] close=79523.99 ema_fast=79546.7100 ema_mid=None ema_slow=None rsi_fast=63.1304
[2026-08-27T11:30:00+00:00] close=79477.67 ema_fast=79532.9020 ema_mid=None ema_slow=None rsi_fast=61.9308
[2026-08-27T12:00:00+00:00] close=79551.00 ema_fast=79536.5216 ema_mid=None ema_slow=None rsi_fast=63.1770
[2026-08-27T12:30:00+00:00] close=79282.31 ema_fast=79485.6793 ema_mid=None ema_slow=None rsi_fast=55.6658
[2026-08-27T13:00:00+00:00] close=79352.62 ema_fast=79459.0674 ema_mid=None ema_slow=None rsi_fast=57.1650
[2026-08-27T13:30:00+00:00] close=79533.15 ema_fast=79473.8839 ema_mid=None ema_slow=None rsi_fast=60.9769
[2026-08-27T14:00:00+00:00] close=79911.45 ema_fast=79561.3972 ema_mid=None ema_slow=None rsi_fast=67.7438
[2026-08-27T14:30:00+00:00] close=80204.05 ema_fast=79689.9277 ema_mid=None ema_slow=None rsi_fast=71.9728
[2026-08-27T15:00:00+00:00] close=80600.00 ema_fast=79871.9422 ema_mid=None ema_slow=None rsi_fast=76.6360
[2026-08-27T15:30:00+00:00] close=80302.32 ema_fast=79958.0177 ema_mid=None ema_slow=None rsi_fast=67.1819
[2026-08-27T16:00:00+00:00] close=80412.00 ema_fast=80048.8142 ema_mid=None ema_slow=None rsi_fast=68.7784
[2026-08-27T16:30:00+00:00] close=80374.00 ema_fast=80113.8514 ema_mid=79737.9081 ema_slow=None rsi_fast=67.4985
[2026-08-27T17:00:00+00:00] close=80713.59 ema_fast=80233.7991 ema_mid=79826.6065 ema_slow=None rsi_fast=72.6207
[2026-08-27T17:30:00+00:00] close=80442.46 ema_fast=80275.5313 ema_mid=79882.5931 ema_slow=None rsi_fast=63.6155
[2026-08-27T18:00:00+00:00] close=79912.00 ema_fast=80202.8250 ema_mid=79885.2665 ema_slow=None rsi_fast=49.9755
[2026-08-27T18:30:00+00:00] close=80150.69 ema_fast=80192.3980 ema_mid=79909.3959 ema_slow=None rsi_fast=54.8735
[2026-08-27T19:00:00+00:00] close=80177.03 ema_fast=80189.3244 ema_mid=79933.7263 ema_slow=None rsi_fast=55.4154
[2026-08-27T19:30:00+00:00] close=79910.19 ema_fast=80133.4975 ema_mid=79931.5866 ema_slow=None rsi_fast=48.7438
[2026-08-27T20:00:00+00:00] close=79988.02 ema_fast=80104.4020 ema_mid=79936.7169 ema_slow=None rsi_fast=50.6917
[2026-08-27T20:30:00+00:00] close=80096.00 ema_fast=80102.7216 ema_mid=79951.1972 ema_slow=None rsi_fast=53.4527
[2026-08-27T21:00:00+00:00] close=80034.19 ema_fast=80089.0153 ema_mid=79958.7420 ema_slow=None rsi_fast=51.5923
[2026-08-27T21:30:00+00:00] close=80184.00 ema_fast=80108.0122 ema_mid=79979.2200 ema_slow=None rsi_fast=55.7880
[2026-08-27T22:00:00+00:00] close=80238.71 ema_fast=80134.1518 ema_mid=80002.8100 ema_slow=None rsi_fast=57.3083
[2026-08-27T22:30:00+00:00] close=80303.21 ema_fast=80167.9634 ema_mid=80030.1191 ema_slow=None rsi_fast=59.1703
[2026-08-27T23:00:00+00:00] close=80321.96 ema_fast=80198.7627 ema_mid=80056.6501 ema_slow=None rsi_fast=59.7445
[2026-08-27T23:30:00+00:00] close=80249.58 ema_fast=80208.9262 ema_mid=80074.1892 ema_slow=None rsi_fast=56.3057
[2026-08-28T00:00:00+00:00] close=80421.58 ema_fast=80251.4570 ema_mid=80105.7702 ema_slow=None rsi_fast=62.1327
[2026-08-28T00:30:00+00:00] close=80576.00 ema_fast=80316.3656 ema_mid=80148.5183 ema_slow=None rsi_fast=66.6277
[2026-08-28T01:00:00+00:00] close=81130.98 ema_fast=80479.2885 ema_mid=80237.8330 ema_slow=None rsi_fast=77.4503
[2026-08-28T01:30:00+00:00] close=80500.38 ema_fast=80483.5068 ema_mid=80261.7009 ema_slow=None rsi_fast=54.7526
[2026-08-28T02:00:00+00:00] close=79917.89 ema_fast=80370.3834 ema_mid=80230.4454 ema_slow=None rsi_fast=41.9708
[2026-08-28T02:30:00+00:00] close=79926.11 ema_fast=80281.5287 ema_mid=80202.7785 ema_slow=None rsi_fast=42.1851
[2026-08-28T03:00:00+00:00] close=79910.00 ema_fast=80207.2230 ema_mid=80176.1623 ema_slow=None rsi_fast=41.8444
[2026-08-28T03:30:00+00:00] close=79810.49 ema_fast=80127.8764 ema_mid=80142.9194 ema_slow=None rsi_fast=39.6210
[2026-08-28T04:00:00+00:00] close=79816.01 ema_fast=80065.5031 ema_mid=80113.2003 ema_slow=None rsi_fast=39.8206
[2026-08-28T04:30:00+00:00] close=79643.81 ema_fast=79981.1645 ema_mid=80070.5285 ema_slow=None rsi_fast=35.6818
[2026-08-28T05:00:00+00:00] close=79731.50 ema_fast=79931.2316 ema_mid=80039.7077 ema_slow=None rsi_fast=39.2963
[2026-08-28T05:30:00+00:00] close=79686.00 ema_fast=79882.1853 ema_mid=80007.5525 ema_slow=None rsi_fast=38.0482
[2026-08-28T06:00:00+00:00] close=79827.15 ema_fast=79871.1782 ema_mid=79991.1522 ema_slow=None rsi_fast=44.2301
[2026-08-28T06:30:00+00:00] close=79904.21 ema_fast=79877.7846 ema_mid=79983.2484 ema_slow=None rsi_fast=47.4508
[2026-08-28T07:00:00+00:00] close=79805.27 ema_fast=79863.2817 ema_mid=79967.0685 ema_slow=79956.5016 rsi_fast=43.7975
[2026-08-28T07:30:00+00:00] close=79660.00 ema_fast=79822.6253 ema_mid=79939.1532 ema_slow=79944.8741 rsi_fast=38.8560
[2026-08-28T08:00:00+00:00] close=79788.72 ema_fast=79815.8443 ema_mid=79925.4775 ema_slow=79938.7504 rsi_fast=45.0375
[2026-08-28T08:30:00+00:00] close=79516.78 ema_fast=79756.0314 ema_mid=79888.3232 ema_slow=79922.2025 rsi_fast=36.3123
[2026-08-28T09:00:00+00:00] close=79377.34 ema_fast=79680.2931 ema_mid=79841.8701 ema_slow=79900.8354 rsi_fast=32.6622
[2026-08-28T09:30:00+00:00] close=79285.19 ema_fast=79601.2725 ema_mid=79791.2629 ema_slow=79876.6924 rsi_fast=30.3909
[2026-08-28T10:00:00+00:00] close=79303.65 ema_fast=79541.7480 ema_mid=79746.9344 ema_slow=79854.2202 rsi_fast=31.4650
[2026-08-28T10:30:00+00:00] close=79565.89 ema_fast=79546.5764 ema_mid=79730.4758 ema_slow=79842.9131 rsi_fast=45.0219
[2026-08-28T11:00:00+00:00] close=79668.83 ema_fast=79571.0271 ema_mid=79724.8717 ema_slow=79836.0863 rsi_fast=49.4387
[2026-08-28T11:30:00+00:00] close=79604.13 ema_fast=79577.6477 ema_mid=79713.8952 ema_slow=79826.9900 rsi_fast=46.7813
[2026-08-28T12:00:00+00:00] close=79526.00 ema_fast=79567.3182 ema_mid=79696.8138 ema_slow=79815.1865 rsi_fast=43.5977
[2026-08-28T12:30:00+00:00] close=79421.05 ema_fast=79538.0645 ema_mid=79671.7443 ema_slow=79799.7301 rsi_fast=39.5321
[2026-08-28T13:00:00+00:00] close=79199.22 ema_fast=79470.2956 ema_mid=79628.7876 ema_slow=79776.1807 rsi_fast=32.3572
[2026-08-28T13:30:00+00:00] close=79330.75 ema_fast=79442.3865 ema_mid=79601.6933 ema_slow=79758.7128 rsi_fast=39.6621
[2026-08-28T14:00:00+00:00] close=78946.08 ema_fast=79343.1252 ema_mid=79542.0921 ema_slow=79726.8449 rsi_fast=29.2642
[2026-08-28T14:30:00+00:00] close=79542.44 ema_fast=79382.9882 ema_mid=79542.1237 ema_slow=79719.6133 rsi_fast=51.4590
[2026-08-28T15:00:00+00:00] close=79334.00 ema_fast=79373.1905 ema_mid=79523.2033 ema_slow=79704.4912 rsi_fast=45.8074
[2026-08-28T15:30:00+00:00] close=78331.13 ema_fast=79164.7784 ema_mid=79414.8330 ema_slow=79650.6339 rsi_fast=28.7290
[2026-08-28T16:00:00+00:00] close=77530.50 ema_fast=78837.9227 ema_mid=79243.5300 ema_slow=79567.4914 rsi_fast=21.5222
[2026-08-28T16:30:00+00:00] close=77788.46 ema_fast=78628.0302 ema_mid=79111.2509 ema_slow=79497.7255 rsi_fast=28.0632
[2026-08-28T17:00:00+00:00] close=77940.01 ema_fast=78490.4262 ema_mid=79004.7745 ema_slow=79436.6386 rsi_fast=31.8191
[2026-08-28T17:30:00+00:00] close=77904.00 ema_fast=78373.1409 ema_mid=78904.7041 ema_slow=79376.5351 rsi_fast=31.3811
[2026-08-28T18:00:00+00:00] close=77592.00 ema_fast=78216.9127 ema_mid=78785.3674 ema_slow=79306.5534 rsi_fast=27.6689
[2026-08-28T18:30:00+00:00] close=77554.00 ema_fast=78084.3302 ema_mid=78673.4249 ema_slow=79237.8258 rsi_fast=27.2275
[2026-08-28T19:00:00+00:00] close=77705.07 ema_fast=78008.4782 ema_mid=78585.3926 ema_slow=79177.7177 rsi_fast=32.0733
[2026-08-28T19:30:00+00:00] close=77580.03 ema_fast=77922.7885 ema_mid=78493.9960 ema_slow=79115.0633 rsi_fast=30.2007
[2026-08-28T20:00:00+00:00] close=77510.72 ema_fast=77840.3748 ema_mid=78404.6073 ema_slow=79052.1479 rsi_fast=29.1398
[2026-08-28T20:30:00+00:00] close=77407.34 ema_fast=77753.7679 ema_mid=78313.9466 ema_slow=78987.6456 rsi_fast=27.5178
[2026-08-28T21:00:00+00:00] close=77412.90 ema_fast=77685.5943 ema_mid=78232.0333 ema_slow=78925.8909 rsi_fast=27.7611
[2026-08-28T21:30:00+00:00] close=77364.00 ema_fast=77621.2754 ema_mid=78153.1212 ema_slow=78864.6402 rsi_fast=26.8687
[2026-08-28T22:00:00+00:00] close=77573.00 ema_fast=77611.6203 ema_mid=78100.3829 ema_slow=78813.9877 rsi_fast=36.6587
[2026-08-28T22:30:00+00:00] close=77758.69 ema_fast=77641.0343 ema_mid=78069.3199 ema_slow=78772.6035 rsi_fast=44.1339
[2026-08-28T23:00:00+00:00] close=77684.41 ema_fast=77649.7094 ema_mid=78034.3281 ema_slow=78729.9292 rsi_fast=41.9081
[2026-08-28T23:30:00+00:00] close=77845.87 ema_fast=77688.9415 ema_mid=78017.1955 ema_slow=78695.2602 rsi_fast=48.2857
[2026-08-29T00:00:00+00:00] close=77903.85 ema_fast=77731.9232 ema_mid=78006.8914 ema_slow=78664.2245 rsi_fast=50.4819
[2026-08-29T00:30:00+00:00] close=77733.63 ema_fast=77732.2646 ema_mid=77982.0494 ema_slow=78627.7306 rsi_fast=44.2721
[2026-08-29T01:00:00+00:00] close=77789.49 ema_fast=77743.7097 ema_mid=77964.5440 ema_slow=78594.8584 rsi_fast=46.6930
[2026-08-29T01:30:00+00:00] close=77794.11 ema_fast=77753.7897 ema_mid=77949.0500 ema_slow=78563.4565 rsi_fast=46.9076
[2026-08-29T02:00:00+00:00] close=77629.44 ema_fast=77728.9198 ema_mid=77919.9946 ema_slow=78526.8284 rsi_fast=40.3881
[2026-08-29T02:30:00+00:00] close=77671.18 ema_fast=77717.3718 ema_mid=77897.3751 ema_slow=78493.2736 rsi_fast=42.6606
[2026-08-29T03:00:00+00:00] close=77684.45 ema_fast=77710.7875 ema_mid=77878.0182 ema_slow=78461.5550 rsi_fast=43.4319
[2026-08-29T03:30:00+00:00] close=77507.17 ema_fast=77670.0640 ema_mid=77844.3048 ema_slow=78424.1282 rsi_fast=36.1280
[2026-08-29T04:00:00+00:00] close=77602.46 ema_fast=77656.5432 ema_mid=77822.3189 ema_slow=78391.9059 rsi_fast=42.0237
[2026-08-29T04:30:00+00:00] close=77648.91 ema_fast=77655.0165 ema_mid=77806.5544 ema_slow=78362.7688 rsi_fast=44.8171
[2026-08-29T05:00:00+00:00] close=77660.01 ema_fast=77656.0152 ema_mid=77793.2322 ema_slow=78335.2096 rsi_fast=45.5227
[2026-08-29T05:30:00+00:00] close=77632.53 ema_fast=77651.3182 ema_mid=77778.6229 ema_slow=78307.6536 rsi_fast=43.9572
[2026-08-29T06:00:00+00:00] close=77409.86 ema_fast=77603.0265 ema_mid=77745.0990 ema_slow=78272.4460 rsi_fast=33.4661
[2026-08-29T06:30:00+00:00] close=77466.82 ema_fast=77575.7852 ema_mid=77719.8009 ema_slow=78240.8528 rsi_fast=37.7422
[2026-08-29T07:00:00+00:00] close=77524.73 ema_fast=77565.5742 ema_mid=77702.0672 ema_slow=78212.7695 rsi_fast=42.0053
[2026-08-29T07:30:00+00:00] close=77626.01 ema_fast=77577.6614 ema_mid=77695.1529 ema_slow=78189.7594 rsi_fast=48.8911
[2026-08-29T08:00:00+00:00] close=77589.75 ema_fast=77580.0791 ema_mid=77685.5708 ema_slow=78166.2296 rsi_fast=46.6598
[2026-08-29T08:30:00+00:00] close=77633.99 ema_fast=77590.8613 ema_mid=77680.8817 ema_slow=78145.3574 rsi_fast=49.8042
[2026-08-29T09:00:00+00:00] close=77626.50 ema_fast=77597.9890 ema_mid=77675.9379 ema_slow=78125.0101 rsi_fast=49.2512
[2026-08-29T09:30:00+00:00] close=77650.03 ema_fast=77608.3972 ema_mid=77673.5826 ema_slow=78106.3834 rsi_fast=51.1675
[2026-08-29T10:00:00+00:00] close=77671.51 ema_fast=77621.0198 ema_mid=77673.3942 ema_slow=78089.3296 rsi_fast=52.9905
[2026-08-29T10:30:00+00:00] close=77635.17 ema_fast=77623.8498 ema_mid=77669.9193 ema_slow=78071.5194 rsi_fast=49.4751
[2026-08-29T11:00:00+00:00] close=77700.01 ema_fast=77639.0819 ema_mid=77672.6548 ema_slow=78056.9504 rsi_fast=55.4125
[2026-08-29T11:30:00+00:00] close=77584.67 ema_fast=77628.1995 ema_mid=77664.6562 ema_slow=78038.4296 rsi_fast=44.8623
[2026-08-29T12:00:00+00:00] close=77584.00 ema_fast=77619.3596 ema_mid=77657.3238 ema_slow=78020.6088 rsi_fast=44.8066
[2026-08-29T12:30:00+00:00] close=77583.74 ema_fast=77612.2357 ema_mid=77650.6344 ema_slow=78003.4767 rsi_fast=44.7823
[2026-08-29T13:00:00+00:00] close=77659.14 ema_fast=77621.6165 ema_mid=77651.4076 ema_slow=77989.9733 rsi_fast=53.0820
[2026-08-29T13:30:00+00:00] close=77704.32 ema_fast=77638.1572 ema_mid=77656.2178 ema_slow=77978.7712 rsi_fast=57.3986
[2026-08-29T14:00:00+00:00] close=77694.52 ema_fast=77649.4298 ema_mid=77659.6998 ema_slow=77967.6241 rsi_fast=56.1382
[2026-08-29T14:30:00+00:00] close=78014.37 ema_fast=77722.4178 ema_mid=77691.9426 ema_slow=77969.4573 rsi_fast=75.7164
[2026-08-29T15:00:00+00:00] close=77903.95 ema_fast=77758.7243 ema_mid=77711.2160 ema_slow=77966.8884 rsi_fast=64.5298
[2026-08-29T15:30:00+00:00] close=77865.36 ema_fast=77780.0514 ema_mid=77725.2291 ema_slow=77962.9069 rsi_fast=60.9871
[2026-08-29T16:00:00+00:00] close=77946.00 ema_fast=77813.2411 ema_mid=77745.2992 ema_slow=77962.2439 rsi_fast=65.4466
[2026-08-29T16:30:00+00:00] close=78027.17 ema_fast=77856.0269 ema_mid=77770.9238 ema_slow=77964.7900 rsi_fast=69.4067
[2026-08-29T17:00:00+00:00] close=77990.77 ema_fast=77882.9755 ema_mid=77790.9098 ema_slow=77965.8088 rsi_fast=65.6130
[2026-08-29T17:30:00+00:00] close=78100.00 ema_fast=77926.3804 ema_mid=77819.0089 ema_slow=77971.0712 rsi_fast=70.9698
[2026-08-29T18:00:00+00:00] close=78053.27 ema_fast=77951.7583 ema_mid=77840.3054 ema_slow=77974.2947 rsi_fast=66.0199
[2026-08-29T18:30:00+00:00] close=78158.01 ema_fast=77993.0087 ema_mid=77869.1876 ema_slow=77981.4992 rsi_fast=71.1021
[2026-08-29T19:00:00+00:00] close=78240.90 ema_fast=78042.5869 ema_mid=77902.9796 ema_slow=77991.6718 rsi_fast=74.4980
[2026-08-29T19:30:00+00:00] close=78182.00 ema_fast=78070.4695 ema_mid=77928.3451 ema_slow=77999.1356 rsi_fast=68.1007
[2026-08-29T20:00:00+00:00] close=78182.01 ema_fast=78092.7776 ema_mid=77951.4056 ema_slow=78006.3072 rsi_fast=68.1012
[2026-08-29T20:30:00+00:00] close=78129.92 ema_fast=78100.2061 ema_mid=77967.6342 ema_slow=78011.1547 rsi_fast=62.1296
[2026-08-29T21:00:00+00:00] close=78107.61 ema_fast=78101.6869 ema_mid=77980.3592 ema_slow=78014.9373 rsi_fast=59.6111
[2026-08-29T21:30:00+00:00] close=78161.63 ema_fast=78113.6755 ema_mid=77996.8384 ema_slow=78020.6900 rsi_fast=63.6275
[2026-08-29T22:00:00+00:00] close=78146.78 ema_fast=78120.2964 ema_mid=78010.4695 ema_slow=78025.6347 rsi_fast=61.7291
[2026-08-29T22:30:00+00:00] close=78228.34 ema_fast=78141.9051 ema_mid=78030.2759 ema_slow=78033.5839 rsi_fast=67.6862
[2026-08-29T23:00:00+00:00] close=78261.43 ema_fast=78165.8101 ema_mid=78051.2899 ema_slow=78042.5190 rsi_fast=69.8297
[2026-08-29T23:30:00+00:00] close=78230.00 ema_fast=78178.6481 ema_mid=78067.5363 ema_slow=78049.8712 rsi_fast=65.2077
[2026-08-30T00:00:00+00:00] close=78216.52 ema_fast=78186.2225 ema_mid=78081.0802 ema_slow=78056.4065 rsi_fast=63.1896
[2026-08-30T00:30:00+00:00] close=78179.86 ema_fast=78184.9500 ema_mid=78090.0602 ema_slow=78061.2478 rsi_fast=57.7239
[2026-08-30T01:00:00+00:00] close=78016.17 ema_fast=78151.1940 ema_mid=78083.3429 ema_slow=78059.4800 rsi_fast=40.2399
[2026-08-30T01:30:00+00:00] close=78081.50 ema_fast=78137.2552 ema_mid=78083.1754 ema_slow=78060.3436 rsi_fast=47.3941
[2026-08-30T02:00:00+00:00] close=78042.50 ema_fast=78118.3041 ema_mid=78079.4776 ema_slow=78059.6438 rsi_fast=43.8672
[2026-08-30T02:30:00+00:00] close=78106.01 ema_fast=78115.8453 ema_mid=78081.8897 ema_slow=78061.4621 rsi_fast=50.6018
[2026-08-30T03:00:00+00:00] close=78168.00 ema_fast=78126.2763 ema_mid=78089.7179 ema_slow=78065.6401 rsi_fast=56.3521
[2026-08-30T03:30:00+00:00] close=78144.68 ema_fast=78129.9570 ema_mid=78094.7144 ema_slow=78068.7397 rsi_fast=53.7063
[2026-08-30T04:00:00+00:00] close=78122.04 ema_fast=78128.3736 ema_mid=78097.1986 ema_slow=78070.8299 rsi_fast=51.0865
[2026-08-30T04:30:00+00:00] close=78109.75 ema_fast=78124.6489 ema_mid=78098.3396 ema_slow=78072.3561 rsi_fast=49.6087
[2026-08-30T05:00:00+00:00] close=78140.00 ema_fast=78127.7191 ema_mid=78102.1269 ema_slow=78075.0088 rsi_fast=53.3458
[2026-08-30T05:30:00+00:00] close=78127.71 ema_fast=78127.7173 ema_mid=78104.4526 ema_slow=78077.0756 rsi_fast=51.5968
[2026-08-30T06:00:00+00:00] close=78177.41 ema_fast=78137.6558 ema_mid=78111.0851 ema_slow=78081.0102 rsi_fast=57.8793
[2026-08-30T06:30:00+00:00] close=78280.34 ema_fast=78166.1927 ema_mid=78126.4719 ema_slow=78088.8271 rsi_fast=67.6594
[2026-08-30T07:00:00+00:00] close=78230.00 ema_fast=78178.9541 ema_mid=78135.8836 ema_slow=78094.3633 rsi_fast=59.9949
[2026-08-30T07:30:00+00:00] close=78118.00 ema_fast=78166.7633 ema_mid=78134.2578 ema_slow=78095.2902 rsi_fast=46.7417
[2026-08-30T08:00:00+00:00] close=78154.09 ema_fast=78164.2286 ema_mid=78136.0607 ema_slow=78097.5961 rsi_fast=50.6904
[2026-08-30T08:30:00+00:00] close=78074.01 ema_fast=78146.1849 ema_mid=78130.4198 ema_slow=78096.6711 rsi_fast=42.7738
[2026-08-30T09:00:00+00:00] close=77991.65 ema_fast=78115.2779 ema_mid=78117.8043 ema_slow=78092.5527 rsi_fast=36.2275
[2026-08-30T09:30:00+00:00] close=78000.01 ema_fast=78092.2243 ema_mid=78107.0957 ema_slow=78088.9235 rsi_fast=37.3229
[2026-08-30T10:00:00+00:00] close=78050.00 ema_fast=78083.7795 ema_mid=78101.9052 ema_slow=78087.3971 rsi_fast=43.8150
[2026-08-30T10:30:00+00:00] close=78145.29 ema_fast=78096.0816 ema_mid=78105.8493 ema_slow=78089.6674 rsi_fast=54.0267
[2026-08-30T11:00:00+00:00] close=78220.00 ema_fast=78120.8653 ema_mid=78116.2266 ema_slow=78094.7785 rsi_fast=60.3785
[2026-08-30T11:30:00+00:00] close=78166.00 ema_fast=78129.8922 ema_mid=78120.7515 ema_slow=78097.5715 rsi_fast=54.2803
[2026-08-30T12:00:00+00:00] close=78627.99 ema_fast=78229.5118 ema_mid=78166.8641 ema_slow=78118.3722 rsi_fast=76.8167
[2026-08-30T12:30:00+00:00] close=78785.06 ema_fast=78340.6214 ema_mid=78223.0637 ema_slow=78144.5169 rsi_fast=80.4942
[2026-08-30T13:00:00+00:00] close=78729.90 ema_fast=78418.4771 ema_mid=78269.1397 ema_slow=78167.4731 rsi_fast=75.7471
[2026-08-30T13:30:00+00:00] close=78860.00 ema_fast=78506.7817 ema_mid=78322.8543 ema_slow=78194.6310 rsi_fast=79.0288
[2026-08-30T14:00:00+00:00] close=78868.74 ema_fast=78579.1734 ema_mid=78372.4803 ema_slow=78221.0666 rsi_fast=79.2410
[2026-08-30T14:30:00+00:00] close=78783.71 ema_fast=78620.0807 ema_mid=78409.8648 ema_slow=78243.1311 rsi_fast=71.3374
[2026-08-30T15:00:00+00:00] close=78791.68 ema_fast=78654.4006 ema_mid=78444.5753 ema_slow=78264.6428 rsi_fast=71.6357
[2026-08-30T15:30:00+00:00] close=78823.63 ema_fast=78688.2464 ema_mid=78479.0348 ema_slow=78286.5639 rsi_fast=72.9074
[2026-08-30T16:00:00+00:00] close=79043.77 ema_fast=78759.3512 ema_mid=78530.3744 ema_slow=78316.2582 rsi_fast=79.8947
[2026-08-30T16:30:00+00:00] close=79337.93 ema_fast=78875.0669 ema_mid=78603.7885 ema_slow=78356.3238 rsi_fast=85.5118
[2026-08-30T17:00:00+00:00] close=78940.62 ema_fast=78888.1775 ema_mid=78634.4095 ema_slow=78379.2374 rsi_fast=60.0285
[2026-08-30T17:30:00+00:00] close=79021.02 ema_fast=78914.7460 ema_mid=78669.5560 ema_slow=78404.4053 rsi_fast=62.5680
[2026-08-30T18:00:00+00:00] close=79009.61 ema_fast=78933.7188 ema_mid=78700.4700 ema_slow=78428.1388 rsi_fast=61.9397
[2026-08-30T18:30:00+00:00] close=79036.69 ema_fast=78954.3131 ema_mid=78731.0354 ema_slow=78452.0036 rsi_fast=62.9335
[2026-08-30T19:00:00+00:00] close=78917.24 ema_fast=78946.8984 ema_mid=78747.9631 ema_slow=78470.2481 rsi_fast=55.7144
[2026-08-30T19:30:00+00:00] close=78856.39 ema_fast=78928.7968 ema_mid=78757.8201 ema_slow=78485.3910 rsi_fast=52.2777
[2026-08-30T20:00:00+00:00] close=78842.00 ema_fast=78911.4374 ema_mid=78765.4728 ema_slow=78499.3756 rsi_fast=51.4336
[2026-08-30T20:30:00+00:00] close=78597.33 ema_fast=78848.6159 ema_mid=78750.1871 ema_slow=78503.2170 rsi_fast=39.2971
[2026-08-30T21:00:00+00:00] close=78644.00 ema_fast=78807.6927 ema_mid=78740.5337 ema_slow=78508.7379 rsi_fast=42.2227
[2026-08-30T21:30:00+00:00] close=78653.00 ema_fast=78776.7542 ema_mid=78732.5761 ema_slow=78514.3952 rsi_fast=42.8206
[2026-08-30T22:00:00+00:00] close=78382.11 ema_fast=78697.8254 ema_mid=78700.7156 ema_slow=78509.2076 rsi_fast=31.7099
[2026-08-30T22:30:00+00:00] close=78422.01 ema_fast=78642.6623 ema_mid=78675.3787 ema_slow=78505.7881 rsi_fast=34.5250
[2026-08-30T23:00:00+00:00] close=77678.09 ema_fast=78449.7478 ema_mid=78584.7161 ema_slow=78473.3293 rsi_fast=18.5155
[2026-08-30T23:30:00+00:00] close=77682.00 ema_fast=78296.1983 ema_mid=78502.6510 ema_slow=78442.2968 rsi_fast=18.7383
[2026-08-31T00:00:00+00:00] close=77901.33 ema_fast=78217.2246 ema_mid=78447.9854 ema_slow=78421.0824 rsi_fast=30.6970
[2026-08-31T00:30:00+00:00] close=77937.04 ema_fast=78161.1877 ema_mid=78401.5359 ema_slow=78402.1003 rsi_fast=32.5160
[2026-08-31T01:00:00+00:00] close=77775.26 ema_fast=78084.0021 ema_mid=78344.6017 ema_slow=78377.5184 rsi_fast=28.6794
[2026-08-31T01:30:00+00:00] close=77640.94 ema_fast=77995.3897 ema_mid=78280.6324 ema_slow=78348.6329 rsi_fast=25.8324
[2026-08-31T02:00:00+00:00] close=77875.05 ema_fast=77971.3218 ema_mid=78243.7613 ema_slow=78330.0611 rsi_fast=37.9167
[2026-08-31T02:30:00+00:00] close=77473.99 ema_fast=77871.8554 ema_mid=78173.7821 ema_slow=78296.4896 rsi_fast=28.8556
[2026-08-31T03:00:00+00:00] close=77731.11 ema_fast=77843.7063 ema_mid=78133.5392 ema_slow=78274.3179 rsi_fast=39.3151
[2026-08-31T03:30:00+00:00] close=77756.71 ema_fast=77826.3071 ema_mid=78099.2820 ema_slow=78254.0195 rsi_fast=40.2982
[2026-08-31T04:00:00+00:00] close=77514.01 ema_fast=77763.8477 ema_mid=78046.0754 ema_slow=78224.9996 rsi_fast=34.3610
[2026-08-31T04:30:00+00:00] close=77622.28 ema_fast=77735.5341 ema_mid=78007.5486 ema_slow=78201.3635 rsi_fast=38.8803
[2026-08-31T05:00:00+00:00] close=77998.84 ema_fast=77788.1953 ema_mid=78006.7569 ema_slow=78193.4214 rsi_fast=51.8512
[2026-08-31T05:30:00+00:00] close=78016.00 ema_fast=77833.7562 ema_mid=78007.5972 ema_slow=78186.4637 rsi_fast=52.3694
[2026-08-31T06:00:00+00:00] close=78007.99 ema_fast=77868.6030 ema_mid=78007.6329 ema_slow=78179.4647 rsi_fast=52.0751
[2026-08-31T06:30:00+00:00] close=78093.87 ema_fast=77913.6564 ema_mid=78015.4726 ema_slow=78176.1081 rsi_fast=55.1176
[2026-08-31T07:00:00+00:00] close=78213.01 ema_fast=77973.5271 ema_mid=78033.4306 ema_slow=78177.5552 rsi_fast=59.1637
[2026-08-31T07:30:00+00:00] close=78196.01 ema_fast=78018.0237 ema_mid=78048.2105 ema_slow=78178.2789 rsi_fast=58.3197
[2026-08-31T08:00:00+00:00] close=78094.00 ema_fast=78033.2190 ema_mid=78052.3732 ema_slow=78174.9739 rsi_fast=53.1970
[2026-08-31T08:30:00+00:00] close=78480.80 ema_fast=78122.7352 ema_mid=78091.3211 ema_slow=78186.9671 rsi_fast=65.9539
[2026-08-31T09:00:00+00:00] close=78652.06 ema_fast=78228.6001 ema_mid=78142.2974 ema_slow=78205.2060 rsi_fast=70.0237
[2026-08-31T09:30:00+00:00] close=78511.03 ema_fast=78285.0861 ema_mid=78175.8185 ema_slow=78217.1991 rsi_fast=63.0423
[2026-08-31T10:00:00+00:00] close=78438.16 ema_fast=78315.7009 ema_mid=78199.6677 ema_slow=78225.8642 rsi_fast=59.5888
[2026-08-31T10:30:00+00:00] close=78710.01 ema_fast=78394.5627 ema_mid=78246.0625 ema_slow=78244.8503 rsi_fast=67.1429
[2026-08-31T11:00:00+00:00] close=78480.08 ema_fast=78411.6662 ema_mid=78267.3368 ema_slow=78254.0750 rsi_fast=57.0037
[2026-08-31T11:30:00+00:00] close=78315.43 ema_fast=78392.4189 ema_mid=78271.7089 ema_slow=78256.4811 rsi_fast=50.8212
[2026-08-31T12:00:00+00:00] close=78092.01 ema_fast=78332.3371 ema_mid=78255.3726 ema_slow=78250.0313 rsi_fast=43.6021
[2026-08-31T12:30:00+00:00] close=77930.39 ema_fast=78251.9477 ema_mid=78225.8288 ema_slow=78237.4963 rsi_fast=39.0839
[2026-08-31T13:00:00+00:00] close=78055.64 ema_fast=78212.6862 ema_mid=78210.3571 ema_slow=78230.3647 rsi_fast=44.1312
[2026-08-31T13:30:00+00:00] close=77867.39 ema_fast=78143.6269 ema_mid=78179.1782 ema_slow=78216.1304 rsi_fast=38.7082
[2026-08-31T14:00:00+00:00] close=78030.08 ema_fast=78120.9176 ema_mid=78165.6239 ema_slow=78208.8343 rsi_fast=45.2495
[2026-08-31T14:30:00+00:00] close=78600.14 ema_fast=78216.7620 ema_mid=78205.1253 ema_slow=78224.1796 rsi_fast=61.4622
[2026-08-31T15:00:00+00:00] close=78462.94 ema_fast=78265.9976 ema_mid=78228.5630 ema_slow=78233.5428 rsi_fast=56.9001
[2026-08-31T15:30:00+00:00] close=78580.42 ema_fast=78328.8821 ema_mid=78260.5500 ema_slow=78247.1458 rsi_fast=59.7762
[2026-08-31T16:00:00+00:00] close=78647.20 ema_fast=78392.5457 ema_mid=78295.7000 ema_slow=78262.8342 rsi_fast=61.4225
[2026-08-31T16:30:00+00:00] close=78639.57 ema_fast=78441.9505 ema_mid=78326.9609 ema_slow=78277.6081 rsi_fast=61.1010
[2026-08-31T17:00:00+00:00] close=78534.26 ema_fast=78460.4124 ema_mid=78345.8063 ema_slow=78287.6729 rsi_fast=56.5092
[2026-08-31T17:30:00+00:00] close=78897.36 ema_fast=78547.8020 ema_mid=78395.9475 ema_slow=78311.5822 rsi_fast=66.3255
[2026-08-31T18:00:00+00:00] close=78908.00 ema_fast=78619.8416 ema_mid=78442.4978 ema_slow=78334.9712 rsi_fast=66.5742
[2026-08-31T18:30:00+00:00] close=79016.00 ema_fast=78699.0732 ema_mid=78494.6343 ema_slow=78361.6782 rsi_fast=69.1741
[2026-08-31T19:00:00+00:00] close=79090.01 ema_fast=78777.2606 ema_mid=78548.7594 ema_slow=78390.2402 rsi_fast=70.9179
[2026-08-31T19:30:00+00:00] close=78898.06 ema_fast=78801.4205 ema_mid=78580.5140 ema_slow=78410.1547 rsi_fast=60.8705
[2026-08-31T20:00:00+00:00] close=78923.08 ema_fast=78825.7524 ema_mid=78611.6564 ema_slow=78430.2694 rsi_fast=61.6669
[2026-08-31T20:30:00+00:00] close=78864.72 ema_fast=78833.5459 ema_mid=78634.6621 ema_slow=78447.3067 rsi_fast=58.5405
[2026-08-31T21:00:00+00:00] close=78960.38 ema_fast=78858.9127 ema_mid=78664.2729 ema_slow=78467.4272 rsi_fast=62.0852
[2026-08-31T21:30:00+00:00] close=78964.32 ema_fast=78879.9942 ema_mid=78691.5499 ema_slow=78486.9132 rsi_fast=62.2348
[2026-08-31T22:00:00+00:00] close=78761.92 ema_fast=78856.3793 ema_mid=78697.9472 ema_slow=78497.6978 rsi_fast=50.6779
[2026-08-31T22:30:00+00:00] close=78593.15 ema_fast=78803.7335 ema_mid=78688.4201 ema_slow=78501.4410 rsi_fast=43.1595
[2026-08-31T23:00:00+00:00] close=78580.57 ema_fast=78759.1008 ema_mid=78678.6156 ema_slow=78504.5441 rsi_fast=42.6292
[2026-08-31T23:30:00+00:00] close=78581.29 ema_fast=78723.5386 ema_mid=78669.7678 ema_slow=78507.5538 rsi_fast=42.6745
[2026-09-01T00:00:00+00:00] close=78872.73 ema_fast=78753.3769 ema_mid=78688.2189 ema_slow=78521.8744 rsi_fast=57.8489
[2026-09-01T00:30:00+00:00] close=78652.00 ema_fast=78733.1015 ema_mid=78684.9263 ema_slow=78526.9774 rsi_fast=47.2027
[2026-09-01T01:00:00+00:00] close=78421.38 ema_fast=78670.7572 ema_mid=78660.9675 ema_slow=78522.8363 rsi_fast=38.8079
[2026-09-01T01:30:00+00:00] close=78410.62 ema_fast=78618.7298 ema_mid=78638.2087 ema_slow=78518.4356 rsi_fast=38.4490
[2026-09-01T02:00:00+00:00] close=78215.99 ema_fast=78538.1818 ema_mid=78599.8251 ema_slow=78506.5750 rsi_fast=32.3590
[2026-09-01T02:30:00+00:00] close=78449.99 ema_fast=78520.5435 ema_mid=78586.2038 ema_slow=78504.3560 rsi_fast=44.2934
[2026-09-01T03:00:00+00:00] close=78477.87 ema_fast=78512.0088 ema_mid=78576.3552 ema_slow=78503.3173 rsi_fast=45.5804
[2026-09-01T03:30:00+00:00] close=78679.01 ema_fast=78545.4090 ema_mid=78585.6875 ema_slow=78510.2073 rsi_fast=54.1733
[2026-09-01T04:00:00+00:00] close=78829.54 ema_fast=78602.2352 ema_mid=78607.8559 ema_slow=78522.7301 rsi_fast=59.5508
[2026-09-01T04:30:00+00:00] close=78727.11 ema_fast=78627.2102 ema_mid=78618.6972 ema_slow=78530.7450 rsi_fast=54.6423
[2026-09-01T05:00:00+00:00] close=78993.19 ema_fast=78700.4061 ema_mid=78652.7420 ema_slow=78548.8801 rsi_fast=63.4471
[2026-09-01T05:30:00+00:00] close=79179.99 ema_fast=78796.3229 ema_mid=78700.6736 ema_slow=78573.6295 rsi_fast=68.3062
[2026-09-01T06:00:00+00:00] close=78897.64 ema_fast=78816.5863 ema_mid=78718.5797 ema_slow=78586.3358 rsi_fast=55.7125
[2026-09-01T06:30:00+00:00] close=78745.39 ema_fast=78802.3471 ema_mid=78721.0170 ema_slow=78592.5732 rsi_fast=50.1082
[2026-09-01T07:00:00+00:00] close=78781.50 ema_fast=78798.1776 ema_mid=78726.5154 ema_slow=78599.9821 rsi_fast=51.4124
[2026-09-01T07:30:00+00:00] close=78632.37 ema_fast=78765.0161 ema_mid=78717.9567 ema_slow=78601.2522 rsi_fast=45.8447
[2026-09-01T08:00:00+00:00] close=77888.00 ema_fast=78589.6129 ema_mid=78642.5061 ema_slow=78573.2816 rsi_fast=28.5086
[2026-09-01T08:30:00+00:00] close=77883.28 ema_fast=78448.3463 ema_mid=78573.4856 ema_slow=78546.2227 rsi_fast=28.4319
[2026-09-01T09:00:00+00:00] close=77931.29 ema_fast=78344.9351 ema_mid=78515.1042 ema_slow=78522.1077 rsi_fast=30.5693
[2026-09-01T09:30:00+00:00] close=77915.00 ema_fast=78258.9480 ema_mid=78460.5492 ema_slow=78498.2995 rsi_fast=30.2248
[2026-09-01T10:00:00+00:00] close=78005.85 ema_fast=78208.3284 ema_mid=78419.2129 ema_slow=78478.9878 rsi_fast=34.8334
[2026-09-01T10:30:00+00:00] close=78029.67 ema_fast=78172.5967 ema_mid=78383.7999 ema_slow=78461.3675 rsi_fast=36.0787
[2026-09-01T11:00:00+00:00] close=78009.12 ema_fast=78139.9014 ema_mid=78349.7381 ema_slow=78443.6323 rsi_fast=35.4218
[2026-09-01T11:30:00+00:00] close=78098.97 ema_fast=78131.7151 ema_mid=78326.9410 ema_slow=78430.1161 rsi_fast=40.7305
[2026-09-01T12:00:00+00:00] close=77994.01 ema_fast=78104.1741 ema_mid=78296.6746 ema_slow=78413.0139 rsi_fast=36.7592
[2026-09-01T12:30:00+00:00] close=78004.00 ema_fast=78084.1393 ema_mid=78270.0678 ema_slow=78396.9741 rsi_fast=37.4126
[2026-09-01T13:00:00+00:00] close=77888.39 ema_fast=78044.9894 ema_mid=78235.3698 ema_slow=78377.0297 rsi_fast=32.9767
[2026-09-01T13:30:00+00:00] close=78071.99 ema_fast=78050.3895 ema_mid=78220.5171 ema_slow=78365.0673 rsi_fast=44.6927
[2026-09-01T14:00:00+00:00] close=78262.15 ema_fast=78092.7416 ema_mid=78224.3019 ema_slow=78361.0314 rsi_fast=54.0516
[2026-09-01T14:30:00+00:00] close=78167.99 ema_fast=78107.7913 ema_mid=78219.1826 ema_slow=78353.4611 rsi_fast=49.3954
[2026-09-01T15:00:00+00:00] close=77869.21 ema_fast=78060.0750 ema_mid=78187.3670 ema_slow=78334.4709 rsi_fast=37.7783
[2026-09-01T15:30:00+00:00] close=77919.06 ema_fast=78031.8720 ema_mid=78162.9754 ema_slow=78318.1802 rsi_fast=40.4089
[2026-09-01T16:00:00+00:00] close=77623.13 ema_fast=77950.1236 ema_mid=78113.8986 ema_slow=78290.9234 rsi_fast=31.5115
[2026-09-01T16:30:00+00:00] close=77596.01 ema_fast=77879.3009 ema_mid=78066.8178 ema_slow=78263.6719 rsi_fast=30.8121
[2026-09-01T17:00:00+00:00] close=77513.92 ema_fast=77806.2247 ema_mid=78016.5543 ema_slow=78234.2698 rsi_fast=28.6468
[2026-09-01T17:30:00+00:00] close=77265.79 ema_fast=77698.1378 ema_mid=77948.3030 ema_slow=78196.2902 rsi_fast=23.1215
[2026-09-01T18:00:00+00:00] close=77057.21 ema_fast=77569.9522 ema_mid=77867.2946 ema_slow=78151.6204 rsi_fast=19.5547
[2026-09-01T18:30:00+00:00] close=77153.90 ema_fast=77486.7418 ema_mid=77802.4405 ema_slow=78112.4941 rsi_fast=25.5446
[2026-09-01T19:00:00+00:00] close=77362.45 ema_fast=77461.8834 ema_mid=77762.4414 ema_slow=78083.0806 rsi_fast=36.9383
[2026-09-01T19:30:00+00:00] close=77312.00 ema_fast=77431.9067 ema_mid=77721.4922 ema_slow=78052.8422 rsi_fast=35.4615
[2026-09-01T20:00:00+00:00] close=77400.00 ema_fast=77425.5254 ema_mid=77692.2656 ema_slow=78027.2405 rsi_fast=40.1565
[2026-09-01T20:30:00+00:00] close=77448.45 ema_fast=77430.1103 ema_mid=77670.1006 ema_slow=78004.5429 rsi_fast=42.7368
[2026-09-01T21:00:00+00:00] close=77188.68 ema_fast=77381.8242 ema_mid=77626.3351 ema_slow=77972.5482 rsi_fast=33.9161
[2026-09-01T21:30:00+00:00] close=77211.32 ema_fast=77347.7234 ema_mid=77588.6064 ema_slow=77942.6961 rsi_fast=35.2269
[2026-09-01T22:00:00+00:00] close=77072.00 ema_fast=77292.5787 ema_mid=77541.6422 ema_slow=77908.5512 rsi_fast=30.9737
[2026-09-01T22:30:00+00:00] close=77274.02 ema_fast=77288.8670 ema_mid=77517.3129 ema_slow=77883.6676 rsi_fast=42.3320
[2026-09-01T23:00:00+00:00] close=77396.84 ema_fast=77310.4616 ema_mid=77506.3608 ema_slow=77864.5763 rsi_fast=48.1657
[2026-09-01T23:30:00+00:00] close=77439.00 ema_fast=77336.1693 ema_mid=77500.2371 ema_slow=77847.8871 rsi_fast=50.1145
[2026-09-02T00:00:00+00:00] close=77262.90 ema_fast=77321.5154 ema_mid=77478.6610 ema_slow=77824.9464 rsi_fast=42.5901
[2026-09-02T00:30:00+00:00] close=77213.25 ema_fast=77299.8623 ema_mid=77454.5327 ema_slow=77800.9583 rsi_fast=40.6540
[2026-09-02T01:00:00+00:00] close=77150.00 ema_fast=77269.8899 ema_mid=77426.8479 ema_slow=77775.4305 rsi_fast=38.1675
[2026-09-02T01:30:00+00:00] close=77020.68 ema_fast=77220.0479 ema_mid=77389.9236 ema_slow=77745.8325 rsi_fast=33.4601
[2026-09-02T02:00:00+00:00] close=77325.48 ema_fast=77241.1343 ema_mid=77384.0651 ema_slow=77729.3481 rsi_fast=49.8581
[2026-09-02T02:30:00+00:00] close=77329.20 ema_fast=77258.7475 ema_mid=77379.0773 ema_slow=77713.6560 rsi_fast=50.0272
[2026-09-02T03:00:00+00:00] close=77660.56 ema_fast=77339.1100 ema_mid=77404.6667 ema_slow=77711.5738 rsi_fast=62.6493
[2026-09-02T03:30:00+00:00] close=77563.50 ema_fast=77383.9880 ema_mid=77419.1061 ema_slow=77705.7670 rsi_fast=57.8355
[2026-09-02T04:00:00+00:00] close=77431.27 ema_fast=77393.4444 ema_mid=77420.2119 ema_slow=77695.0024 rsi_fast=51.7422
[2026-09-02T04:30:00+00:00] close=77561.82 ema_fast=77427.1195 ema_mid=77433.0853 ema_slow=77689.7795 rsi_fast=56.7977
[2026-09-02T05:00:00+00:00] close=77744.78 ema_fast=77490.6516 ema_mid=77461.4212 ema_slow=77691.9364 rsi_fast=62.9219
[2026-09-02T05:30:00+00:00] close=77651.07 ema_fast=77522.7353 ema_mid=77478.6620 ema_slow=77690.3338 rsi_fast=58.1704
[2026-09-02T06:00:00+00:00] close=77545.93 ema_fast=77527.3742 ema_mid=77484.7773 ema_slow=77684.6709 rsi_fast=53.1084
[2026-09-02T06:30:00+00:00] close=77611.54 ema_fast=77544.2074 ema_mid=77496.3012 ema_slow=77681.8030 rsi_fast=55.8081
[2026-09-02T07:00:00+00:00] close=77598.00 ema_fast=77554.9659 ema_mid=77505.5465 ema_slow=77678.5167 rsi_fast=55.0720
[2026-09-02T07:30:00+00:00] close=77473.85 ema_fast=77538.7427 ema_mid=77502.6650 ema_slow=77670.4905 rsi_fast=48.4762
[2026-09-02T08:00:00+00:00] close=77248.01 ema_fast=77480.5962 ema_mid=77479.5146 ema_slow=77653.9226 rsi_fast=38.9336
[2026-09-02T08:30:00+00:00] close=76854.11 ema_fast=77355.2989 ema_mid=77422.6596 ema_slow=77622.5574 rsi_fast=28.0854
[2026-09-02T09:00:00+00:00] close=76891.96 ema_fast=77262.6312 ema_mid=77374.4142 ema_slow=77593.9066 rsi_fast=30.1882
[2026-09-02T09:30:00+00:00] close=76752.26 ema_fast=77160.5569 ema_mid=77317.8547 ema_slow=77560.9008 rsi_fast=26.9198
[2026-09-02T10:00:00+00:00] close=76571.80 ema_fast=77042.8055 ema_mid=77250.0316 ema_slow=77522.1125 rsi_fast=23.2602
[2026-09-02T10:30:00+00:00] close=76680.88 ema_fast=76970.4204 ema_mid=77198.2905 ema_slow=77489.1230 rsi_fast=29.7541
[2026-09-02T11:00:00+00:00] close=76502.00 ema_fast=76876.7363 ema_mid=77134.9914 ema_slow=77450.4123 rsi_fast=25.7362
[2026-09-02T11:30:00+00:00] close=76828.76 ema_fast=76867.1411 ema_mid=77107.1522 ema_slow=77426.0338 rsi_fast=41.8682
[2026-09-02T12:00:00+00:00] close=76988.50 ema_fast=76891.4129 ema_mid=77096.3656 ema_slow=77408.8756 rsi_fast=48.0719
[2026-09-02T12:30:00+00:00] close=76613.88 ema_fast=76835.9063 ema_mid=77052.5033 ema_slow=77377.6993 rsi_fast=37.5105
[2026-09-02T13:00:00+00:00] close=76881.11 ema_fast=76844.9470 ema_mid=77036.9221 ema_slow=77358.2252 rsi_fast=46.8767
[2026-09-02T13:30:00+00:00] close=77146.00 ema_fast=76905.1576 ema_mid=77046.8382 ema_slow=77349.9027 rsi_fast=54.4843
[2026-09-02T14:00:00+00:00] close=77336.51 ema_fast=76991.4281 ema_mid=77073.1720 ema_slow=77349.3775 rsi_fast=59.2105
[2026-09-02T14:30:00+00:00] close=77066.42 ema_fast=77006.4265 ema_mid=77072.5582 ema_slow=77338.2811 rsi_fast=50.7977
[2026-09-02T15:00:00+00:00] close=77039.92 ema_fast=77013.1252 ema_mid=77069.5911 ema_slow=77326.5807 rsi_fast=50.0133
[2026-09-02T15:30:00+00:00] close=77288.98 ema_fast=77068.2961 ema_mid=77089.5355 ema_slow=77325.1061 rsi_fast=57.0289
[2026-09-02T16:00:00+00:00] close=77464.02 ema_fast=77147.4409 ema_mid=77123.5796 ema_slow=77330.5537 rsi_fast=61.3210
[2026-09-02T16:30:00+00:00] close=77171.50 ema_fast=77152.2527 ema_mid=77127.9360 ema_slow=77324.3163 rsi_fast=51.6263
[2026-09-02T17:00:00+00:00] close=77100.00 ema_fast=77141.8022 ema_mid=77125.3964 ema_slow=77315.5196 rsi_fast=49.4754
[2026-09-02T17:30:00+00:00] close=77381.66 ema_fast=77189.7737 ema_mid=77148.6930 ema_slow=77318.1134 rsi_fast=57.3501
[2026-09-02T18:00:00+00:00] close=77447.28 ema_fast=77241.2750 ema_mid=77175.8373 ema_slow=77323.1787 rsi_fast=59.0240
[2026-09-02T18:30:00+00:00] close=77377.76 ema_fast=77268.5720 ema_mid=77194.1939 ema_slow=77325.3192 rsi_fast=56.3864
[2026-09-02T19:00:00+00:00] close=77168.66 ema_fast=77248.5896 ema_mid=77191.8727 ema_slow=77319.1757 rsi_fast=48.9802
[2026-09-02T19:30:00+00:00] close=77341.47 ema_fast=77267.1657 ema_mid=77205.4724 ema_slow=77320.0499 rsi_fast=54.5327
[2026-09-02T20:00:00+00:00] close=77382.36 ema_fast=77290.2045 ema_mid=77221.5531 ema_slow=77322.4935 rsi_fast=55.8128
[2026-09-02T20:30:00+00:00] close=77406.01 ema_fast=77313.3656 ema_mid=77238.3219 ema_slow=77325.7686 rsi_fast=56.6077
[2026-09-02T21:00:00+00:00] close=77283.48 ema_fast=77307.3885 ema_mid=77242.4272 ema_slow=77324.1103 rsi_fast=51.2354
[2026-09-02T21:30:00+00:00] close=77284.00 ema_fast=77302.7108 ema_mid=77246.2065 ema_slow=77322.5373 rsi_fast=51.2575
[2026-09-02T22:00:00+00:00] close=77024.53 ema_fast=77247.0746 ema_mid=77226.0541 ema_slow=77310.8507 rsi_fast=40.8674
[2026-09-02T22:30:00+00:00] close=77034.03 ema_fast=77204.4657 ema_mid=77208.5974 ema_slow=77299.9950 rsi_fast=41.3570
[2026-09-02T23:00:00+00:00] close=77195.08 ema_fast=77202.5886 ema_mid=77207.3685 ema_slow=77295.8807 rsi_fast=49.3548
[2026-09-02T23:30:00+00:00] close=77340.01 ema_fast=77230.0729 ema_mid=77219.4269 ema_slow=77297.6113 rsi_fast=55.4990
[2026-09-03T00:00:00+00:00] close=77035.87 ema_fast=77191.2323 ema_mid=77202.7399 ema_slow=77287.3469 rsi_fast=43.1423
[2026-09-03T00:30:00+00:00] close=77068.01 ema_fast=77166.5878 ema_mid=77190.4917 ema_slow=77278.7455 rsi_fast=44.6085
[2026-09-03T01:00:00+00:00] close=77438.00 ema_fast=77220.8703 ema_mid=77212.9925 ema_slow=77284.9907 rsi_fast=58.4759
[2026-09-03T01:30:00+00:00] close=77356.70 ema_fast=77248.0362 ema_mid=77226.0568 ema_slow=77287.8029 rsi_fast=55.0678
[2026-09-03T02:00:00+00:00] close=77598.67 ema_fast=77318.1630 ema_mid=77259.9307 ema_slow=77299.9937 rsi_fast=62.4043
[2026-09-03T02:30:00+00:00] close=77816.01 ema_fast=77417.7324 ema_mid=77310.4834 ema_slow=77320.2297 rsi_fast=67.7288
[2026-09-03T03:00:00+00:00] close=77750.00 ema_fast=77484.1859 ema_mid=77350.4394 ema_slow=77337.0834 rsi_fast=64.6026
[2026-09-03T03:30:00+00:00] close=77708.00 ema_fast=77528.9487 ema_mid=77382.9449 ema_slow=77351.6292 rsi_fast=62.5365
[2026-09-03T04:00:00+00:00] close=77576.15 ema_fast=77538.3890 ema_mid=77400.5090 ema_slow=77360.4339 rsi_fast=56.1897
[2026-09-03T04:30:00+00:00] close=77776.00 ema_fast=77585.9112 ema_mid=77434.6446 ema_slow=77376.7306 rsi_fast=62.6530
[2026-09-03T05:00:00+00:00] close=77200.01 ema_fast=77508.7309 ema_mid=77413.3142 ema_slow=77369.8004 rsi_fast=42.3805
[2026-09-03T05:30:00+00:00] close=77809.91 ema_fast=77568.9668 ema_mid=77449.3683 ema_slow=77387.0596 rsi_fast=58.4108
[2026-09-03T06:00:00+00:00] close=77748.46 ema_fast=77604.8654 ema_mid=77476.5585 ema_slow=77401.2321 rsi_fast=56.6252
[2026-09-03T06:30:00+00:00] close=77835.19 ema_fast=77650.9303 ema_mid=77509.1613 ema_slow=77418.2501 rsi_fast=58.6331
[2026-09-03T07:00:00+00:00] close=77954.01 ema_fast=77711.5463 ema_mid=77549.6021 ema_slow=77439.2603 rsi_fast=61.3881
[2026-09-03T07:30:00+00:00] close=77663.15 ema_fast=77701.8670 ema_mid=77559.9247 ema_slow=77448.0403 rsi_fast=51.8742
[2026-09-03T08:00:00+00:00] close=77979.13 ema_fast=77757.3196 ema_mid=77598.0342 ema_slow=77468.8673 rsi_fast=59.5381
[2026-09-03T08:30:00+00:00] close=77843.34 ema_fast=77774.5237 ema_mid=77620.3348 ema_slow=77483.5525 rsi_fast=55.2819
[2026-09-03T09:00:00+00:00] close=77742.67 ema_fast=77768.1529 ema_mid=77631.4561 ema_slow=77493.7140 rsi_fast=52.1714
[2026-09-03T09:30:00+00:00] close=77615.24 ema_fast=77737.5704 ema_mid=77629.9820 ema_slow=77498.4797 rsi_fast=48.3012
[2026-09-03T10:00:00+00:00] close=77630.96 ema_fast=77716.2483 ema_mid=77630.0709 ema_slow=77503.6750 rsi_fast=48.8280
[2026-09-03T10:30:00+00:00] close=77735.88 ema_fast=77720.1746 ema_mid=77639.6899 ema_slow=77512.7811 rsi_fast=52.4651
[2026-09-03T11:00:00+00:00] close=77927.21 ema_fast=77761.5817 ema_mid=77665.8281 ema_slow=77529.0332 rsi_fast=58.5144
[2026-09-03T11:30:00+00:00] close=77948.39 ema_fast=77798.9434 ema_mid=77691.5155 ema_slow=77545.4786 rsi_fast=59.1616
[2026-09-03T12:00:00+00:00] close=77970.09 ema_fast=77833.1727 ema_mid=77716.8405 ema_slow=77562.1300 rsi_fast=59.8830
[2026-09-03T12:30:00+00:00] close=78652.38 ema_fast=77997.0142 ema_mid=77801.8895 ema_slow=77604.8849 rsi_fast=75.3101
[2026-09-03T13:00:00+00:00] close=78494.83 ema_fast=78096.5773 ema_mid=77864.8841 ema_slow=77639.7847 rsi_fast=68.4700
[2026-09-03T13:30:00+00:00] close=78840.52 ema_fast=78245.3659 ema_mid=77953.5783 ema_slow=77686.8724 rsi_fast=74.2443
[2026-09-03T14:00:00+00:00] close=79664.01 ema_fast=78529.0947 ema_mid=78109.0721 ema_slow=77764.4072 rsi_fast=82.7235
[2026-09-03T14:30:00+00:00] close=80549.97 ema_fast=78933.2697 ema_mid=78330.9719 ema_slow=77873.6449 rsi_fast=87.6461
[2026-09-03T15:00:00+00:00] close=80743.75 ema_fast=79295.3658 ema_mid=78550.3153 ema_slow=77986.1981 rsi_fast=88.4555
[2026-09-03T15:30:00+00:00] close=81348.00 ema_fast=79705.8926 ema_mid=78804.6503 ema_slow=78118.0335 rsi_fast=90.6130
[2026-09-03T16:00:00+00:00] close=80765.96 ema_fast=79917.9061 ema_mid=78982.9512 ema_slow=78221.8737 rsi_fast=75.3528
[2026-09-03T16:30:00+00:00] close=80969.37 ema_fast=80128.1989 ema_mid=79163.5347 ema_slow=78329.6187 rsi_fast=76.8834
[2026-09-03T17:00:00+00:00] close=80997.23 ema_fast=80302.0051 ema_mid=79330.2343 ema_slow=78434.2309 rsi_fast=77.1025
[2026-09-03T17:30:00+00:00] close=81042.00 ema_fast=80450.0041 ema_mid=79485.8494 ema_slow=78536.4963 rsi_fast=77.4883
[2026-09-03T18:00:00+00:00] close=80948.00 ema_fast=80549.6033 ema_mid=79618.7721 ema_slow=78631.0651 rsi_fast=74.5229
[2026-09-03T18:30:00+00:00] close=81254.32 ema_fast=80690.5466 ema_mid=79767.4583 ema_slow=78733.9378 rsi_fast=77.6575
[2026-09-03T19:00:00+00:00] close=81546.71 ema_fast=80861.7793 ema_mid=79929.2085 ema_slow=78844.2426 rsi_fast=80.2649
[2026-09-03T19:30:00+00:00] close=81755.41 ema_fast=81040.5054 ema_mid=80095.2268 ema_slow=78958.4061 rsi_fast=81.9558
[2026-09-03T20:00:00+00:00] close=81535.58 ema_fast=81139.5203 ema_mid=80226.1680 ema_slow=79059.4717 rsi_fast=74.4016
[2026-09-03T20:30:00+00:00] close=81473.00 ema_fast=81206.2163 ema_mid=80339.5164 ema_slow=79154.1199 rsi_fast=72.2683
[2026-09-03T21:00:00+00:00] close=81762.00 ema_fast=81317.3730 ema_mid=80468.8330 ema_slow=79256.3897 rsi_fast=75.8638
[2026-09-03T21:30:00+00:00] close=81590.00 ema_fast=81371.8984 ema_mid=80570.7573 ema_slow=79347.9038 rsi_fast=69.8042
[2026-09-03T22:00:00+00:00] close=81131.82 ema_fast=81323.8827 ema_mid=80621.7630 ema_slow=79417.8613 rsi_fast=56.3223
[2026-09-03T22:30:00+00:00] close=81140.00 ema_fast=81287.1062 ema_mid=80668.8755 ema_slow=79485.3962 rsi_fast=56.4910
[2026-09-03T23:00:00+00:00] close=81281.99 ema_fast=81286.0830 ema_mid=80724.6132 ema_slow=79555.8508 rsi_fast=59.5439
[2026-09-03T23:30:00+00:00] close=81270.37 ema_fast=81282.9404 ema_mid=80774.2274 ema_slow=79623.0869 rsi_fast=59.1617
[2026-09-04T00:00:00+00:00] close=81148.01 ema_fast=81255.9543 ema_mid=80808.2076 ema_slow=79682.8878 rsi_fast=54.9812
[2026-09-04T00:30:00+00:00] close=80972.12 ema_fast=81199.1874 ema_mid=80823.1088 ema_slow=79733.4459 rsi_fast=49.3427
[2026-09-04T01:00:00+00:00] close=80827.07 ema_fast=81124.7639 ema_mid=80823.4689 ema_slow=79776.3331 rsi_fast=45.0560
[2026-09-04T01:30:00+00:00] close=80968.01 ema_fast=81093.4132 ema_mid=80836.6090 ema_slow=79823.0655 rsi_fast=49.8213
[2026-09-04T02:00:00+00:00] close=80716.65 ema_fast=81018.0605 ema_mid=80825.7036 ema_slow=79858.1081 rsi_fast=42.4367
[2026-09-04T02:30:00+00:00] close=80831.99 ema_fast=80980.8464 ema_mid=80826.2751 ema_slow=79896.2995 rsi_fast=46.5281
[2026-09-04T03:00:00+00:00] close=80842.01 ema_fast=80953.0791 ema_mid=80827.7056 ema_slow=79933.3862 rsi_fast=46.8970
[2026-09-04T03:30:00+00:00] close=80850.00 ema_fast=80932.4633 ema_mid=80829.7323 ema_slow=79969.3318 rsi_fast=47.2236
[2026-09-04T04:00:00+00:00] close=81267.64 ema_fast=80999.4986 ema_mid=80869.5421 ema_slow=80020.2459 rsi_fast=61.2417
[2026-09-04T04:30:00+00:00] close=81070.54 ema_fast=81013.7069 ema_mid=80887.8146 ema_slow=80061.4339 rsi_fast=53.6727
[2026-09-04T05:00:00+00:00] close=81024.32 ema_fast=81015.8295 ema_mid=80900.2242 ema_slow=80099.1941 rsi_fast=51.9779
[2026-09-04T05:30:00+00:00] close=80996.15 ema_fast=81011.8936 ema_mid=80908.9447 ema_slow=80134.3689 rsi_fast=50.8764
[2026-09-04T06:00:00+00:00] close=80725.38 ema_fast=80954.5909 ema_mid=80892.2570 ema_slow=80157.5458 rsi_fast=41.3914
[2026-09-04T06:30:00+00:00] close=80797.39 ema_fast=80923.1507 ema_mid=80883.6328 ema_slow=80182.6377 rsi_fast=44.4878
[2026-09-04T07:00:00+00:00] close=80862.05 ema_fast=80910.9306 ema_mid=80881.6707 ema_slow=80209.2813 rsi_fast=47.3003
[2026-09-04T07:30:00+00:00] close=80656.87 ema_fast=80860.1185 ema_mid=80861.2343 ema_slow=80226.8338 rsi_fast=40.0556
[2026-09-04T08:00:00+00:00] close=80982.57 ema_fast=80884.6088 ema_mid=80872.2648 ema_slow=80256.4705 rsi_fast=52.9303
[2026-09-04T08:30:00+00:00] close=81147.16 ema_fast=80937.1190 ema_mid=80897.2553 ema_slow=80291.3995 rsi_fast=58.0522
[2026-09-04T09:00:00+00:00] close=81037.65 ema_fast=80957.2252 ema_mid=80910.0184 ema_slow=80320.6643 rsi_fast=53.6799
[2026-09-04T09:30:00+00:00] close=81056.63 ema_fast=80977.1062 ema_mid=80923.3467 ema_slow=80349.5257 rsi_fast=54.3503
[2026-09-04T10:00:00+00:00] close=80961.18 ema_fast=80973.9209 ema_mid=80926.7861 ema_slow=80373.5121 rsi_fast=50.2368
[2026-09-04T10:30:00+00:00] close=81179.63 ema_fast=81015.0627 ema_mid=80949.7719 ema_slow=80405.1246 rsi_fast=58.3525
[2026-09-04T11:00:00+00:00] close=81336.21 ema_fast=81079.2922 ema_mid=80984.9027 ema_slow=80441.6377 rsi_fast=63.1929
[2026-09-04T11:30:00+00:00] close=81224.86 ema_fast=81108.4058 ema_mid=81006.7170 ema_slow=80472.3523 rsi_fast=57.8169
[2026-09-04T12:00:00+00:00] close=81340.00 ema_fast=81154.7246 ema_mid=81037.0154 ema_slow=80506.3777 rsi_fast=61.6156
[2026-09-04T12:30:00+00:00] close=79453.96 ema_fast=80814.5717 ema_mid=80893.1013 ema_slow=80465.1064 rsi_fast=23.1684
[2026-09-04T13:00:00+00:00] close=79312.00 ema_fast=80514.0573 ema_mid=80749.3648 ema_slow=80419.8866 rsi_fast=22.0056
[2026-09-04T13:30:00+00:00] close=79378.67 ema_fast=80286.9799 ema_mid=80624.7562 ema_slow=80379.0546 rsi_fast=24.0203
[2026-09-04T14:00:00+00:00] close=79378.58 ema_fast=80105.2999 ema_mid=80511.4675 ema_slow=80339.8203 rsi_fast=24.0193
[2026-09-04T14:30:00+00:00] close=78915.71 ema_fast=79867.3819 ema_mid=80366.3986 ema_slow=80283.9728 rsi_fast=19.5763
[2026-09-04T15:00:00+00:00] close=79413.03 ema_fast=79776.5115 ema_mid=80279.7287 ema_slow=80249.8182 rsi_fast=34.2722
[2026-09-04T15:30:00+00:00] close=79429.33 ema_fast=79707.0752 ema_mid=80202.4197 ema_slow=80217.6422 rsi_fast=34.7121
[2026-09-04T16:00:00+00:00] close=79549.34 ema_fast=79675.5282 ema_mid=80143.0489 ema_slow=80191.4342 rsi_fast=38.1413
[2026-09-04T16:30:00+00:00] close=79745.73 ema_fast=79689.5685 ema_mid=80106.9290 ema_slow=80173.9556 rsi_fast=43.5953
[2026-09-04T17:00:00+00:00] close=79511.59 ema_fast=79653.9728 ema_mid=80052.8072 ema_slow=80147.9805 rsi_fast=38.9851
[2026-09-04T17:30:00+00:00] close=79472.22 ema_fast=79617.6223 ema_mid=80000.0266 ema_slow=80121.4801 rsi_fast=38.2205
[2026-09-04T18:00:00+00:00] close=79534.55 ema_fast=79601.0078 ema_mid=79957.7105 ema_slow=80098.4632 rsi_fast=40.3057
[2026-09-04T18:30:00+00:00] close=79618.15 ema_fast=79604.4363 ema_mid=79926.8414 ema_slow=80079.6274 rsi_fast=43.1985
[2026-09-04T19:00:00+00:00] close=79808.23 ema_fast=79645.1950 ema_mid=79916.0585 ema_slow=80068.9844 rsi_fast=49.4629
[2026-09-04T19:30:00+00:00] close=79793.34 ema_fast=79674.8240 ema_mid=79904.9023 ema_slow=80058.1748 rsi_fast=48.9868
[2026-09-04T20:00:00+00:00] close=79759.46 ema_fast=79691.7512 ema_mid=79891.6803 ema_slow=80046.4605 rsi_fast=47.8088
[2026-09-04T20:30:00+00:00] close=79697.04 ema_fast=79692.8090 ema_mid=79873.9857 ema_slow=80032.7577 rsi_fast=45.5390
[2026-09-04T21:00:00+00:00] close=79772.57 ema_fast=79708.7612 ema_mid=79864.7661 ema_slow=80022.5543 rsi_fast=48.8451
[2026-09-04T21:30:00+00:00] close=79624.00 ema_fast=79691.8089 ema_mid=79842.8783 ema_slow=80006.9247 rsi_fast=43.0606
[2026-09-04T22:00:00+00:00] close=79706.00 ema_fast=79694.6471 ema_mid=79830.4348 ema_slow=79995.1237 rsi_fast=46.9607
[2026-09-04T22:30:00+00:00] close=79636.09 ema_fast=79682.9357 ema_mid=79812.7671 ema_slow=79981.0440 rsi_fast=44.0657
[2026-09-04T23:00:00+00:00] close=79736.03 ema_fast=79693.5546 ema_mid=79805.7910 ema_slow=79971.4356 rsi_fast=49.1110
[2026-09-04T23:30:00+00:00] close=79660.77 ema_fast=79686.9977 ema_mid=79792.6073 ema_slow=79959.2526 rsi_fast=45.6246
[2026-09-05T00:00:00+00:00] close=79652.71 ema_fast=79680.1401 ema_mid=79779.8893 ema_slow=79947.2314 rsi_fast=45.2376
[2026-09-05T00:30:00+00:00] close=79573.36 ema_fast=79658.7841 ema_mid=79761.1139 ema_slow=79932.5697 rsi_fast=41.3534
[2026-09-05T01:00:00+00:00] close=79693.99 ema_fast=79665.8253 ema_mid=79755.0118 ema_slow=79923.2137 rsi_fast=48.8628
[2026-09-05T01:30:00+00:00] close=79533.34 ema_fast=79639.3282 ema_mid=79734.8598 ema_slow=79907.9245 rsi_fast=40.9978
[2026-09-05T02:00:00+00:00] close=79521.56 ema_fast=79615.7746 ema_mid=79715.4689 ema_slow=79892.7730 rsi_fast=40.4605
[2026-09-05T02:30:00+00:00] close=79569.09 ema_fast=79606.4377 ema_mid=79702.1617 ema_slow=79880.0795 rsi_fast=43.8032
[2026-09-05T03:00:00+00:00] close=79584.00 ema_fast=79601.9501 ema_mid=79691.4197 ema_slow=79868.4685 rsi_fast=44.8950
[2026-09-05T03:30:00+00:00] close=79582.00 ema_fast=79597.9601 ema_mid=79681.4725 ema_slow=79857.2345 rsi_fast=44.7638
[2026-09-05T04:00:00+00:00] close=79558.28 ema_fast=79590.0241 ema_mid=79670.2732 ema_slow=79845.5108 rsi_fast=43.0834
[2026-09-05T04:30:00+00:00] close=79500.01 ema_fast=79572.0213 ema_mid=79654.7947 ema_slow=79831.9617 rsi_fast=39.0338
[2026-09-05T05:00:00+00:00] close=79586.04 ema_fast=79574.8250 ema_mid=79648.5443 ema_slow=79822.3177 rsi_fast=47.2665
[2026-09-05T05:30:00+00:00] close=79577.53 ema_fast=79575.3660 ema_mid=79642.0884 ema_slow=79812.7182 rsi_fast=46.5667
[2026-09-05T06:00:00+00:00] close=79643.03 ema_fast=79588.8988 ema_mid=79642.1740 ema_slow=79806.0638 rsi_fast=52.6383
[2026-09-05T06:30:00+00:00] close=79644.01 ema_fast=79599.9210 ema_mid=79642.3409 ema_slow=79799.7087 rsi_fast=52.7287
[2026-09-05T07:00:00+00:00] close=79717.58 ema_fast=79623.4528 ema_mid=79649.1809 ema_slow=79796.4880 rsi_fast=59.2918
[2026-09-05T07:30:00+00:00] close=79709.96 ema_fast=79640.7543 ema_mid=79654.7062 ema_slow=79793.0947 rsi_fast=58.3478
[2026-09-05T08:00:00+00:00] close=79639.43 ema_fast=79640.4894 ema_mid=79653.3175 ema_slow=79787.0687 rsi_fast=50.0507
[2026-09-05T08:30:00+00:00] close=79650.00 ema_fast=79642.3915 ema_mid=79653.0159 ema_slow=79781.6934 rsi_fast=51.2202
[2026-09-05T09:00:00+00:00] close=79697.72 ema_fast=79653.4572 ema_mid=79657.0799 ema_slow=79778.4004 rsi_fast=56.4045
[2026-09-05T09:30:00+00:00] close=79631.28 ema_fast=79649.0218 ema_mid=79654.7345 ema_slow=79772.6309 rsi_fast=48.3550
[2026-09-05T10:00:00+00:00] close=79615.99 ema_fast=79642.4154 ema_mid=79651.2122 ema_slow=79766.4881 rsi_fast=46.6320
[2026-09-05T10:30:00+00:00] close=79618.01 ema_fast=79637.5343 ema_mid=79648.1938 ema_slow=79760.6655 rsi_fast=46.9132
[2026-09-05T11:00:00+00:00] close=79623.95 ema_fast=79634.8175 ema_mid=79645.9899 ema_slow=79755.3041 rsi_fast=47.8224
[2026-09-05T11:30:00+00:00] close=79609.28 ema_fast=79629.7100 ema_mid=79642.6526 ema_slow=79749.5776 rsi_fast=45.6500
[2026-09-05T12:00:00+00:00] close=79654.97 ema_fast=79634.7620 ema_mid=79643.7724 ema_slow=79745.8675 rsi_fast=53.1130
[2026-09-05T12:30:00+00:00] close=79704.14 ema_fast=79648.6376 ema_mid=79649.2603 ema_slow=79744.2312 rsi_fast=59.7966
[2026-09-05T13:00:00+00:00] close=79754.06 ema_fast=79669.7221 ema_mid=79658.7876 ema_slow=79744.6166 rsi_fast=65.4257
[2026-09-05T13:30:00+00:00] close=79613.67 ema_fast=79658.5117 ema_mid=79654.6860 ema_slow=79739.4815 rsi_fast=45.3405
[2026-09-05T14:00:00+00:00] close=79730.03 ema_fast=79672.8153 ema_mid=79661.5354 ema_slow=79739.1108 rsi_fast=57.5048
[2026-09-05T14:30:00+00:00] close=79719.76 ema_fast=79682.2043 ema_mid=79666.8286 ema_slow=79738.3520 rsi_fast=56.2616
[2026-09-05T15:00:00+00:00] close=79693.36 ema_fast=79684.4354 ema_mid=79669.2405 ema_slow=79736.5876 rsi_fast=52.9510
[2026-09-05T15:30:00+00:00] close=79806.01 ema_fast=79708.7503 ema_mid=79681.6741 ema_slow=79739.3100 rsi_fast=63.3138
[2026-09-05T16:00:00+00:00] close=79891.99 ema_fast=79745.3983 ema_mid=79700.7937 ema_slow=79745.2975 rsi_fast=69.1486
[2026-09-05T16:30:00+00:00] close=80042.00 ema_fast=79804.7186 ema_mid=79731.8125 ema_slow=79756.9329 rsi_fast=76.4883
[2026-09-05T17:00:00+00:00] close=80029.29 ema_fast=79849.6329 ema_mid=79758.8559 ema_slow=79767.6135 rsi_fast=74.7923
[2026-09-05T17:30:00+00:00] close=80058.60 ema_fast=79891.4263 ema_mid=79786.1054 ema_slow=79779.0248 rsi_fast=76.1635
[2026-09-05T18:00:00+00:00] close=79954.71 ema_fast=79904.0830 ema_mid=79801.4331 ema_slow=79785.9144 rsi_fast=62.5874
[2026-09-05T18:30:00+00:00] close=79999.98 ema_fast=79923.2624 ema_mid=79819.4828 ema_slow=79794.3091 rsi_fast=65.5939
[2026-09-05T19:00:00+00:00] close=79962.93 ema_fast=79931.1960 ema_mid=79832.5234 ema_slow=79800.9217 rsi_fast=61.0750
[2026-09-05T19:30:00+00:00] close=79754.00 ema_fast=79895.7568 ema_mid=79825.3849 ema_slow=79799.0816 rsi_fast=42.5003
[2026-09-05T20:00:00+00:00] close=79719.99 ema_fast=79860.6034 ema_mid=79815.8036 ema_slow=79795.9800 rsi_fast=40.2581
[2026-09-05T20:30:00+00:00] close=79737.83 ema_fast=79836.0487 ema_mid=79808.7151 ema_slow=79793.6996 rsi_fast=42.0619
[2026-09-05T21:00:00+00:00] close=79858.13 ema_fast=79840.4650 ema_mid=79813.2073 ema_slow=79796.2263 rsi_fast=52.8594
[2026-09-05T21:30:00+00:00] close=79906.02 ema_fast=79853.5760 ema_mid=79821.6449 ema_slow=79800.5319 rsi_fast=56.4908
[2026-09-05T22:00:00+00:00] close=79811.99 ema_fast=79845.2588 ema_mid=79820.7671 ema_slow=79800.9813 rsi_fast=48.2762
[2026-09-05T22:30:00+00:00] close=79783.99 ema_fast=79833.0050 ema_mid=79817.4238 ema_slow=79800.3149 rsi_fast=46.0338
[2026-09-05T23:00:00+00:00] close=79803.94 ema_fast=79827.1920 ema_mid=79816.1980 ema_slow=79800.4571 rsi_fast=47.9710
[2026-09-05T23:30:00+00:00] close=79831.75 ema_fast=79828.1036 ema_mid=79817.6118 ema_slow=79801.6843 rsi_fast=50.7438
[2026-09-06T00:00:00+00:00] close=79927.37 ema_fast=79847.9569 ema_mid=79827.5898 ema_slow=79806.6131 rsi_fast=59.1624
[2026-09-06T00:30:00+00:00] close=79868.00 ema_fast=79851.9655 ema_mid=79831.2635 ema_slow=79809.0204 rsi_fast=52.8526
[2026-09-06T01:00:00+00:00] close=79922.00 ema_fast=79865.9724 ema_mid=79839.5122 ema_slow=79813.4510 rsi_fast=57.4916
[2026-09-06T01:30:00+00:00] close=79951.39 ema_fast=79883.0559 ema_mid=79849.6829 ema_slow=79818.8604 rsi_fast=59.9070
[2026-09-06T02:00:00+00:00] close=79911.46 ema_fast=79888.7367 ema_mid=79855.2990 ema_slow=79822.4917 rsi_fast=55.1199
[2026-09-06T02:30:00+00:00] close=79907.28 ema_fast=79892.4454 ema_mid=79860.0246 ema_slow=79825.8168 rsi_fast=54.6060
[2026-09-06T03:00:00+00:00] close=79899.13 ema_fast=79893.7823 ema_mid=79863.5796 ema_slow=79828.6918 rsi_fast=53.5116
[2026-09-06T03:30:00+00:00] close=80028.01 ema_fast=79920.6279 ema_mid=79878.5278 ema_slow=79836.5082 rsi_fast=65.7297
[2026-09-06T04:00:00+00:00] close=79932.00 ema_fast=79922.9023 ema_mid=79883.3889 ema_slow=79840.2530 rsi_fast=53.8652
[2026-09-06T04:30:00+00:00] close=79866.01 ema_fast=79911.5238 ema_mid=79881.8090 ema_slow=79841.2631 rsi_fast=47.2679
[2026-09-06T05:00:00+00:00] close=79845.00 ema_fast=79898.2191 ema_mid=79878.4628 ema_slow=79841.4096 rsi_fast=45.2814
[2026-09-06T05:30:00+00:00] close=79989.13 ema_fast=79916.4012 ema_mid=79888.5234 ema_slow=79847.2026 rsi_fast=58.6822
[2026-09-06T06:00:00+00:00] close=79834.46 ema_fast=79900.0130 ema_mid=79883.6086 ema_slow=79846.7029 rsi_fast=45.2912
[2026-09-06T06:30:00+00:00] close=79784.65 ema_fast=79876.9404 ema_mid=79874.6123 ema_slow=79844.2694 rsi_fast=41.8327
[2026-09-06T07:00:00+00:00] close=79823.23 ema_fast=79866.1983 ema_mid=79869.9412 ema_slow=79843.4443 rsi_fast=45.4616
[2026-09-06T07:30:00+00:00] close=79805.00 ema_fast=79853.9587 ema_mid=79864.0375 ema_slow=79841.9367 rsi_fast=44.0023
[2026-09-06T08:00:00+00:00] close=79804.00 ema_fast=79843.9669 ema_mid=79858.5795 ema_slow=79840.4490 rsi_fast=43.9153
[2026-09-06T08:30:00+00:00] close=79837.17 ema_fast=79842.6075 ema_mid=79856.6332 ema_slow=79840.3204 rsi_fast=47.7686
[2026-09-06T09:00:00+00:00] close=79967.93 ema_fast=79867.6720 ema_mid=79866.7511 ema_slow=79845.3247 rsi_fast=59.9668
[2026-09-06T09:30:00+00:00] close=79885.77 ema_fast=79871.2916 ema_mid=79868.4801 ema_slow=79846.9108 rsi_fast=51.4700
[2026-09-06T10:00:00+00:00] close=79973.57 ema_fast=79891.7473 ema_mid=79878.0337 ema_slow=79851.8778 rsi_fast=58.5336
[2026-09-06T10:30:00+00:00] close=80003.93 ema_fast=79914.1838 ema_mid=79889.4788 ema_slow=79857.8407 rsi_fast=60.7557
[2026-09-06T11:00:00+00:00] close=79902.77 ema_fast=79911.9011 ema_mid=79890.6871 ema_slow=79859.6026 rsi_fast=50.5930
[2026-09-06T11:30:00+00:00] close=79919.17 ema_fast=79913.3549 ema_mid=79893.2765 ema_slow=79861.9386 rsi_fast=52.0557
[2026-09-06T12:00:00+00:00] close=79972.04 ema_fast=79925.0919 ema_mid=79900.4368 ema_slow=79866.2563 rsi_fast=56.7043
[2026-09-06T12:30:00+00:00] close=79922.04 ema_fast=79924.4815 ema_mid=79902.4007 ema_slow=79868.4439 rsi_fast=51.4018
[2026-09-06T13:00:00+00:00] close=79794.07 ema_fast=79898.3992 ema_mid=79892.5525 ema_slow=79865.5272 rsi_fast=40.4979
[2026-09-06T13:30:00+00:00] close=79829.98 ema_fast=79884.7154 ema_mid=79886.8641 ema_slow=79864.1332 rsi_fast=44.2325
[2026-09-06T14:00:00+00:00] close=79671.82 ema_fast=79842.1363 ema_mid=79867.3146 ema_slow=79856.5915 rsi_fast=33.7398
[2026-09-06T14:30:00+00:00] close=79543.06 ema_fast=79782.3210 ema_mid=79837.8369 ema_slow=79844.2962 rsi_fast=27.7177
[2026-09-06T15:00:00+00:00] close=79635.92 ema_fast=79753.0408 ema_mid=79819.4808 ema_slow=79836.1246 rsi_fast=36.8610
[2026-09-06T15:30:00+00:00] close=79716.50 ema_fast=79745.7327 ema_mid=79810.1189 ema_slow=79831.4334 rsi_fast=43.8008
[2026-09-06T16:00:00+00:00] close=79652.72 ema_fast=79727.1301 ema_mid=79795.8099 ema_slow=79824.4250 rsi_fast=39.8961
[2026-08-27T13:30:00+07:00] close=78817.49 ema_fast=None ema_mid=None ema_slow=None rsi_fast=None
[2026-08-27T14:00:00+07:00] close=78795.45 ema_fast=None ema_mid=None ema_slow=None rsi_fast=None
[2026-08-27T14:30:00+07:00] close=79082.17 ema_fast=None ema_mid=None ema_slow=None rsi_fast=None
[2026-08-27T15:00:00+07:00] close=79749.99 ema_fast=None ema_mid=None ema_slow=None rsi_fast=None
[2026-08-27T15:30:00+07:00] close=79755.99 ema_fast=None ema_mid=None ema_slow=None rsi_fast=None
[2026-08-27T16:00:00+07:00] close=80493.86 ema_fast=None ema_mid=None ema_slow=None rsi_fast=None
[2026-08-27T16:30:00+07:00] close=79986.00 ema_fast=None ema_mid=None ema_slow=None rsi_fast=None
[2026-08-27T17:00:00+07:00] close=79664.56 ema_fast=None ema_mid=None ema_slow=None rsi_fast=None
[2026-08-27T17:30:00+07:00] close=79626.00 ema_fast=79552.3900 ema_mid=None ema_slow=None rsi_fast=None
[2026-08-27T18:00:00+07:00] close=79523.99 ema_fast=79546.7100 ema_mid=None ema_slow=None rsi_fast=63.1304
[2026-08-27T18:30:00+07:00] close=79477.67 ema_fast=79532.9020 ema_mid=None ema_slow=None rsi_fast=61.9308
[2026-08-27T19:00:00+07:00] close=79551.00 ema_fast=79536.5216 ema_mid=None ema_slow=None rsi_fast=63.1770
[2026-08-27T19:30:00+07:00] close=79282.31 ema_fast=79485.6793 ema_mid=None ema_slow=None rsi_fast=55.6658
[2026-08-27T20:00:00+07:00] close=79352.62 ema_fast=79459.0674 ema_mid=None ema_slow=None rsi_fast=57.1650
[2026-08-27T20:30:00+07:00] close=79533.15 ema_fast=79473.8839 ema_mid=None ema_slow=None rsi_fast=60.9769
[2026-08-27T21:00:00+07:00] close=79911.45 ema_fast=79561.3972 ema_mid=None ema_slow=None rsi_fast=67.7438
[2026-08-27T21:30:00+07:00] close=80204.05 ema_fast=79689.9277 ema_mid=None ema_slow=None rsi_fast=71.9728
[2026-08-27T22:00:00+07:00] close=80600.00 ema_fast=79871.9422 ema_mid=None ema_slow=None rsi_fast=76.6360
[2026-08-27T22:30:00+07:00] close=80302.32 ema_fast=79958.0177 ema_mid=None ema_slow=None rsi_fast=67.1819
[2026-08-27T23:00:00+07:00] close=80412.00 ema_fast=80048.8142 ema_mid=None ema_slow=None rsi_fast=68.7784
[2026-08-27T23:30:00+07:00] close=80374.00 ema_fast=80113.8514 ema_mid=79737.9081 ema_slow=None rsi_fast=67.4985
[2026-08-28T00:00:00+07:00] close=80713.59 ema_fast=80233.7991 ema_mid=79826.6065 ema_slow=None rsi_fast=72.6207
[2026-08-28T00:30:00+07:00] close=80442.46 ema_fast=80275.5313 ema_mid=79882.5931 ema_slow=None rsi_fast=63.6155
[2026-08-28T01:00:00+07:00] close=79912.00 ema_fast=80202.8250 ema_mid=79885.2665 ema_slow=None rsi_fast=49.9755
[2026-08-28T01:30:00+07:00] close=80150.69 ema_fast=80192.3980 ema_mid=79909.3959 ema_slow=None rsi_fast=54.8735
[2026-08-28T02:00:00+07:00] close=80177.03 ema_fast=80189.3244 ema_mid=79933.7263 ema_slow=None rsi_fast=55.4154
[2026-08-28T02:30:00+07:00] close=79910.19 ema_fast=80133.4975 ema_mid=79931.5866 ema_slow=None rsi_fast=48.7438
[2026-08-28T03:00:00+07:00] close=79988.02 ema_fast=80104.4020 ema_mid=79936.7169 ema_slow=None rsi_fast=50.6917
[2026-08-28T03:30:00+07:00] close=80096.00 ema_fast=80102.7216 ema_mid=79951.1972 ema_slow=None rsi_fast=53.4527
[2026-08-28T04:00:00+07:00] close=80034.19 ema_fast=80089.0153 ema_mid=79958.7420 ema_slow=None rsi_fast=51.5923
[2026-08-28T04:30:00+07:00] close=80184.00 ema_fast=80108.0122 ema_mid=79979.2200 ema_slow=None rsi_fast=55.7880
[2026-08-28T05:00:00+07:00] close=80238.71 ema_fast=80134.1518 ema_mid=80002.8100 ema_slow=None rsi_fast=57.3083
[2026-08-28T05:30:00+07:00] close=80303.21 ema_fast=80167.9634 ema_mid=80030.1191 ema_slow=None rsi_fast=59.1703
[2026-08-28T06:00:00+07:00] close=80321.96 ema_fast=80198.7627 ema_mid=80056.6501 ema_slow=None rsi_fast=59.7445
[2026-08-28T06:30:00+07:00] close=80249.58 ema_fast=80208.9262 ema_mid=80074.1892 ema_slow=None rsi_fast=56.3057
[2026-08-28T07:00:00+07:00] close=80421.58 ema_fast=80251.4570 ema_mid=80105.7702 ema_slow=None rsi_fast=62.1327
[2026-08-28T07:30:00+07:00] close=80576.00 ema_fast=80316.3656 ema_mid=80148.5183 ema_slow=None rsi_fast=66.6277
[2026-08-28T08:00:00+07:00] close=81130.98 ema_fast=80479.2885 ema_mid=80237.8330 ema_slow=None rsi_fast=77.4503
[2026-08-28T08:30:00+07:00] close=80500.38 ema_fast=80483.5068 ema_mid=80261.7009 ema_slow=None rsi_fast=54.7526
[2026-08-28T09:00:00+07:00] close=79917.89 ema_fast=80370.3834 ema_mid=80230.4454 ema_slow=None rsi_fast=41.9708
[2026-08-28T09:30:00+07:00] close=79926.11 ema_fast=80281.5287 ema_mid=80202.7785 ema_slow=None rsi_fast=42.1851
[2026-08-28T10:00:00+07:00] close=79910.00 ema_fast=80207.2230 ema_mid=80176.1623 ema_slow=None rsi_fast=41.8444
[2026-08-28T10:30:00+07:00] close=79810.49 ema_fast=80127.8764 ema_mid=80142.9194 ema_slow=None rsi_fast=39.6210
[2026-08-28T11:00:00+07:00] close=79816.01 ema_fast=80065.5031 ema_mid=80113.2003 ema_slow=None rsi_fast=39.8206
[2026-08-28T11:30:00+07:00] close=79643.81 ema_fast=79981.1645 ema_mid=80070.5285 ema_slow=None rsi_fast=35.6818
[2026-08-28T12:00:00+07:00] close=79731.50 ema_fast=79931.2316 ema_mid=80039.7077 ema_slow=None rsi_fast=39.2963
[2026-08-28T12:30:00+07:00] close=79686.00 ema_fast=79882.1853 ema_mid=80007.5525 ema_slow=None rsi_fast=38.0482
[2026-08-28T13:00:00+07:00] close=79827.15 ema_fast=79871.1782 ema_mid=79991.1522 ema_slow=None rsi_fast=44.2301
[2026-08-28T13:30:00+07:00] close=79904.21 ema_fast=79877.7846 ema_mid=79983.2484 ema_slow=None rsi_fast=47.4508
[2026-08-28T14:00:00+07:00] close=79805.27 ema_fast=79863.2817 ema_mid=79967.0685 ema_slow=79956.5016 rsi_fast=43.7975
[2026-08-28T14:30:00+07:00] close=79660.00 ema_fast=79822.6253 ema_mid=79939.1532 ema_slow=79944.8741 rsi_fast=38.8560
[2026-08-28T15:00:00+07:00] close=79788.72 ema_fast=79815.8443 ema_mid=79925.4775 ema_slow=79938.7504 rsi_fast=45.0375
[2026-08-28T15:30:00+07:00] close=79516.78 ema_fast=79756.0314 ema_mid=79888.3232 ema_slow=79922.2025 rsi_fast=36.3123
[2026-08-28T16:00:00+07:00] close=79377.34 ema_fast=79680.2931 ema_mid=79841.8701 ema_slow=79900.8354 rsi_fast=32.6622
[2026-08-28T16:30:00+07:00] close=79285.19 ema_fast=79601.2725 ema_mid=79791.2629 ema_slow=79876.6924 rsi_fast=30.3909
[2026-08-28T17:00:00+07:00] close=79303.65 ema_fast=79541.7480 ema_mid=79746.9344 ema_slow=79854.2202 rsi_fast=31.4650
[2026-08-28T17:30:00+07:00] close=79565.89 ema_fast=79546.5764 ema_mid=79730.4758 ema_slow=79842.9131 rsi_fast=45.0219
[2026-08-28T18:00:00+07:00] close=79668.83 ema_fast=79571.0271 ema_mid=79724.8717 ema_slow=79836.0863 rsi_fast=49.4387
[2026-08-28T18:30:00+07:00] close=79604.13 ema_fast=79577.6477 ema_mid=79713.8952 ema_slow=79826.9900 rsi_fast=46.7813
[2026-08-28T19:00:00+07:00] close=79526.00 ema_fast=79567.3182 ema_mid=79696.8138 ema_slow=79815.1865 rsi_fast=43.5977
[2026-08-28T19:30:00+07:00] close=79421.05 ema_fast=79538.0645 ema_mid=79671.7443 ema_slow=79799.7301 rsi_fast=39.5321
[2026-08-28T20:00:00+07:00] close=79199.22 ema_fast=79470.2956 ema_mid=79628.7876 ema_slow=79776.1807 rsi_fast=32.3572
[2026-08-28T20:30:00+07:00] close=79330.75 ema_fast=79442.3865 ema_mid=79601.6933 ema_slow=79758.7128 rsi_fast=39.6621
[2026-08-28T21:00:00+07:00] close=78946.08 ema_fast=79343.1252 ema_mid=79542.0921 ema_slow=79726.8449 rsi_fast=29.2642
[2026-08-28T21:30:00+07:00] close=79542.44 ema_fast=79382.9882 ema_mid=79542.1237 ema_slow=79719.6133 rsi_fast=51.4590
[2026-08-28T22:00:00+07:00] close=79334.00 ema_fast=79373.1905 ema_mid=79523.2033 ema_slow=79704.4912 rsi_fast=45.8074
[2026-08-28T22:30:00+07:00] close=78331.13 ema_fast=79164.7784 ema_mid=79414.8330 ema_slow=79650.6339 rsi_fast=28.7290
[2026-08-28T23:00:00+07:00] close=77530.50 ema_fast=78837.9227 ema_mid=79243.5300 ema_slow=79567.4914 rsi_fast=21.5222
[2026-08-28T23:30:00+07:00] close=77788.46 ema_fast=78628.0302 ema_mid=79111.2509 ema_slow=79497.7255 rsi_fast=28.0632
[2026-08-29T00:00:00+07:00] close=77940.01 ema_fast=78490.4262 ema_mid=79004.7745 ema_slow=79436.6386 rsi_fast=31.8191
[2026-08-29T00:30:00+07:00] close=77904.00 ema_fast=78373.1409 ema_mid=78904.7041 ema_slow=79376.5351 rsi_fast=31.3811
[2026-08-29T01:00:00+07:00] close=77592.00 ema_fast=78216.9127 ema_mid=78785.3674 ema_slow=79306.5534 rsi_fast=27.6689
[2026-08-29T01:30:00+07:00] close=77554.00 ema_fast=78084.3302 ema_mid=78673.4249 ema_slow=79237.8258 rsi_fast=27.2275
[2026-08-29T02:00:00+07:00] close=77705.07 ema_fast=78008.4782 ema_mid=78585.3926 ema_slow=79177.7177 rsi_fast=32.0733
[2026-08-29T02:30:00+07:00] close=77580.03 ema_fast=77922.7885 ema_mid=78493.9960 ema_slow=79115.0633 rsi_fast=30.2007
[2026-08-29T03:00:00+07:00] close=77510.72 ema_fast=77840.3748 ema_mid=78404.6073 ema_slow=79052.1479 rsi_fast=29.1398
[2026-08-29T03:30:00+07:00] close=77407.34 ema_fast=77753.7679 ema_mid=78313.9466 ema_slow=78987.6456 rsi_fast=27.5178
[2026-08-29T04:00:00+07:00] close=77412.90 ema_fast=77685.5943 ema_mid=78232.0333 ema_slow=78925.8909 rsi_fast=27.7611
[2026-08-29T04:30:00+07:00] close=77364.00 ema_fast=77621.2754 ema_mid=78153.1212 ema_slow=78864.6402 rsi_fast=26.8687
[2026-08-29T05:00:00+07:00] close=77573.00 ema_fast=77611.6203 ema_mid=78100.3829 ema_slow=78813.9877 rsi_fast=36.6587
[2026-08-29T05:30:00+07:00] close=77758.69 ema_fast=77641.0343 ema_mid=78069.3199 ema_slow=78772.6035 rsi_fast=44.1339
[2026-08-29T06:00:00+07:00] close=77684.41 ema_fast=77649.7094 ema_mid=78034.3281 ema_slow=78729.9292 rsi_fast=41.9081
[2026-08-29T06:30:00+07:00] close=77845.87 ema_fast=77688.9415 ema_mid=78017.1955 ema_slow=78695.2602 rsi_fast=48.2857
[2026-08-29T07:00:00+07:00] close=77903.85 ema_fast=77731.9232 ema_mid=78006.8914 ema_slow=78664.2245 rsi_fast=50.4819
[2026-08-29T07:30:00+07:00] close=77733.63 ema_fast=77732.2646 ema_mid=77982.0494 ema_slow=78627.7306 rsi_fast=44.2721
[2026-08-29T08:00:00+07:00] close=77789.49 ema_fast=77743.7097 ema_mid=77964.5440 ema_slow=78594.8584 rsi_fast=46.6930
[2026-08-29T08:30:00+07:00] close=77794.11 ema_fast=77753.7897 ema_mid=77949.0500 ema_slow=78563.4565 rsi_fast=46.9076
[2026-08-29T09:00:00+07:00] close=77629.44 ema_fast=77728.9198 ema_mid=77919.9946 ema_slow=78526.8284 rsi_fast=40.3881
[2026-08-29T09:30:00+07:00] close=77671.18 ema_fast=77717.3718 ema_mid=77897.3751 ema_slow=78493.2736 rsi_fast=42.6606
[2026-08-29T10:00:00+07:00] close=77684.45 ema_fast=77710.7875 ema_mid=77878.0182 ema_slow=78461.5550 rsi_fast=43.4319
[2026-08-29T10:30:00+07:00] close=77507.17 ema_fast=77670.0640 ema_mid=77844.3048 ema_slow=78424.1282 rsi_fast=36.1280
[2026-08-29T11:00:00+07:00] close=77602.46 ema_fast=77656.5432 ema_mid=77822.3189 ema_slow=78391.9059 rsi_fast=42.0237
[2026-08-29T11:30:00+07:00] close=77648.91 ema_fast=77655.0165 ema_mid=77806.5544 ema_slow=78362.7688 rsi_fast=44.8171
[2026-08-29T12:00:00+07:00] close=77660.01 ema_fast=77656.0152 ema_mid=77793.2322 ema_slow=78335.2096 rsi_fast=45.5227
[2026-08-29T12:30:00+07:00] close=77632.53 ema_fast=77651.3182 ema_mid=77778.6229 ema_slow=78307.6536 rsi_fast=43.9572
[2026-08-29T13:00:00+07:00] close=77409.86 ema_fast=77603.0265 ema_mid=77745.0990 ema_slow=78272.4460 rsi_fast=33.4661
[2026-08-29T13:30:00+07:00] close=77466.82 ema_fast=77575.7852 ema_mid=77719.8009 ema_slow=78240.8528 rsi_fast=37.7422
[2026-08-29T14:00:00+07:00] close=77524.73 ema_fast=77565.5742 ema_mid=77702.0672 ema_slow=78212.7695 rsi_fast=42.0053
[2026-08-29T14:30:00+07:00] close=77626.01 ema_fast=77577.6614 ema_mid=77695.1529 ema_slow=78189.7594 rsi_fast=48.8911
[2026-08-29T15:00:00+07:00] close=77589.75 ema_fast=77580.0791 ema_mid=77685.5708 ema_slow=78166.2296 rsi_fast=46.6598
[2026-08-29T15:30:00+07:00] close=77633.99 ema_fast=77590.8613 ema_mid=77680.8817 ema_slow=78145.3574 rsi_fast=49.8042
[2026-08-29T16:00:00+07:00] close=77626.50 ema_fast=77597.9890 ema_mid=77675.9379 ema_slow=78125.0101 rsi_fast=49.2512
[2026-08-29T16:30:00+07:00] close=77650.03 ema_fast=77608.3972 ema_mid=77673.5826 ema_slow=78106.3834 rsi_fast=51.1675
[2026-08-29T17:00:00+07:00] close=77671.51 ema_fast=77621.0198 ema_mid=77673.3942 ema_slow=78089.3296 rsi_fast=52.9905
[2026-08-29T17:30:00+07:00] close=77635.17 ema_fast=77623.8498 ema_mid=77669.9193 ema_slow=78071.5194 rsi_fast=49.4751
[2026-08-29T18:00:00+07:00] close=77700.01 ema_fast=77639.0819 ema_mid=77672.6548 ema_slow=78056.9504 rsi_fast=55.4125
[2026-08-29T18:30:00+07:00] close=77584.67 ema_fast=77628.1995 ema_mid=77664.6562 ema_slow=78038.4296 rsi_fast=44.8623
[2026-08-29T19:00:00+07:00] close=77584.00 ema_fast=77619.3596 ema_mid=77657.3238 ema_slow=78020.6088 rsi_fast=44.8066
[2026-08-29T19:30:00+07:00] close=77583.74 ema_fast=77612.2357 ema_mid=77650.6344 ema_slow=78003.4767 rsi_fast=44.7823
[2026-08-29T20:00:00+07:00] close=77659.14 ema_fast=77621.6165 ema_mid=77651.4076 ema_slow=77989.9733 rsi_fast=53.0820
[2026-08-29T20:30:00+07:00] close=77704.32 ema_fast=77638.1572 ema_mid=77656.2178 ema_slow=77978.7712 rsi_fast=57.3986
[2026-08-29T21:00:00+07:00] close=77694.52 ema_fast=77649.4298 ema_mid=77659.6998 ema_slow=77967.6241 rsi_fast=56.1382
[2026-08-29T21:30:00+07:00] close=78014.37 ema_fast=77722.4178 ema_mid=77691.9426 ema_slow=77969.4573 rsi_fast=75.7164
[2026-08-29T22:00:00+07:00] close=77903.95 ema_fast=77758.7243 ema_mid=77711.2160 ema_slow=77966.8884 rsi_fast=64.5298
[2026-08-29T22:30:00+07:00] close=77865.36 ema_fast=77780.0514 ema_mid=77725.2291 ema_slow=77962.9069 rsi_fast=60.9871
[2026-08-29T23:00:00+07:00] close=77946.00 ema_fast=77813.2411 ema_mid=77745.2992 ema_slow=77962.2439 rsi_fast=65.4466
[2026-08-29T23:30:00+07:00] close=78027.17 ema_fast=77856.0269 ema_mid=77770.9238 ema_slow=77964.7900 rsi_fast=69.4067
[2026-08-30T00:00:00+07:00] close=77990.77 ema_fast=77882.9755 ema_mid=77790.9098 ema_slow=77965.8088 rsi_fast=65.6130
[2026-08-30T00:30:00+07:00] close=78100.00 ema_fast=77926.3804 ema_mid=77819.0089 ema_slow=77971.0712 rsi_fast=70.9698
[2026-08-30T01:00:00+07:00] close=78053.27 ema_fast=77951.7583 ema_mid=77840.3054 ema_slow=77974.2947 rsi_fast=66.0199
[2026-08-30T01:30:00+07:00] close=78158.01 ema_fast=77993.0087 ema_mid=77869.1876 ema_slow=77981.4992 rsi_fast=71.1021
[2026-08-30T02:00:00+07:00] close=78240.90 ema_fast=78042.5869 ema_mid=77902.9796 ema_slow=77991.6718 rsi_fast=74.4980
[2026-08-30T02:30:00+07:00] close=78182.00 ema_fast=78070.4695 ema_mid=77928.3451 ema_slow=77999.1356 rsi_fast=68.1007
[2026-08-30T03:00:00+07:00] close=78182.01 ema_fast=78092.7776 ema_mid=77951.4056 ema_slow=78006.3072 rsi_fast=68.1012
[2026-08-30T03:30:00+07:00] close=78129.92 ema_fast=78100.2061 ema_mid=77967.6342 ema_slow=78011.1547 rsi_fast=62.1296
[2026-08-30T04:00:00+07:00] close=78107.61 ema_fast=78101.6869 ema_mid=77980.3592 ema_slow=78014.9373 rsi_fast=59.6111
[2026-08-30T04:30:00+07:00] close=78161.63 ema_fast=78113.6755 ema_mid=77996.8384 ema_slow=78020.6900 rsi_fast=63.6275
[2026-08-30T05:00:00+07:00] close=78146.78 ema_fast=78120.2964 ema_mid=78010.4695 ema_slow=78025.6347 rsi_fast=61.7291
[2026-08-30T05:30:00+07:00] close=78228.34 ema_fast=78141.9051 ema_mid=78030.2759 ema_slow=78033.5839 rsi_fast=67.6862
[2026-08-30T06:00:00+07:00] close=78261.43 ema_fast=78165.8101 ema_mid=78051.2899 ema_slow=78042.5190 rsi_fast=69.8297
[2026-08-30T06:30:00+07:00] close=78230.00 ema_fast=78178.6481 ema_mid=78067.5363 ema_slow=78049.8712 rsi_fast=65.2077
[2026-08-30T07:00:00+07:00] close=78216.52 ema_fast=78186.2225 ema_mid=78081.0802 ema_slow=78056.4065 rsi_fast=63.1896
[2026-08-30T07:30:00+07:00] close=78179.86 ema_fast=78184.9500 ema_mid=78090.0602 ema_slow=78061.2478 rsi_fast=57.7239
[2026-08-30T08:00:00+07:00] close=78016.17 ema_fast=78151.1940 ema_mid=78083.3429 ema_slow=78059.4800 rsi_fast=40.2399
[2026-08-30T08:30:00+07:00] close=78081.50 ema_fast=78137.2552 ema_mid=78083.1754 ema_slow=78060.3436 rsi_fast=47.3941
[2026-08-30T09:00:00+07:00] close=78042.50 ema_fast=78118.3041 ema_mid=78079.4776 ema_slow=78059.6438 rsi_fast=43.8672
[2026-08-30T09:30:00+07:00] close=78106.01 ema_fast=78115.8453 ema_mid=78081.8897 ema_slow=78061.4621 rsi_fast=50.6018
[2026-08-30T10:00:00+07:00] close=78168.00 ema_fast=78126.2763 ema_mid=78089.7179 ema_slow=78065.6401 rsi_fast=56.3521
[2026-08-30T10:30:00+07:00] close=78144.68 ema_fast=78129.9570 ema_mid=78094.7144 ema_slow=78068.7397 rsi_fast=53.7063
[2026-08-30T11:00:00+07:00] close=78122.04 ema_fast=78128.3736 ema_mid=78097.1986 ema_slow=78070.8299 rsi_fast=51.0865
[2026-08-30T11:30:00+07:00] close=78109.75 ema_fast=78124.6489 ema_mid=78098.3396 ema_slow=78072.3561 rsi_fast=49.6087
[2026-08-30T12:00:00+07:00] close=78140.00 ema_fast=78127.7191 ema_mid=78102.1269 ema_slow=78075.0088 rsi_fast=53.3458
[2026-08-30T12:30:00+07:00] close=78127.71 ema_fast=78127.7173 ema_mid=78104.4526 ema_slow=78077.0756 rsi_fast=51.5968
[2026-08-30T13:00:00+07:00] close=78177.41 ema_fast=78137.6558 ema_mid=78111.0851 ema_slow=78081.0102 rsi_fast=57.8793
[2026-08-30T13:30:00+07:00] close=78280.34 ema_fast=78166.1927 ema_mid=78126.4719 ema_slow=78088.8271 rsi_fast=67.6594
[2026-08-30T14:00:00+07:00] close=78230.00 ema_fast=78178.9541 ema_mid=78135.8836 ema_slow=78094.3633 rsi_fast=59.9949
[2026-08-30T14:30:00+07:00] close=78118.00 ema_fast=78166.7633 ema_mid=78134.2578 ema_slow=78095.2902 rsi_fast=46.7417
[2026-08-30T15:00:00+07:00] close=78154.09 ema_fast=78164.2286 ema_mid=78136.0607 ema_slow=78097.5961 rsi_fast=50.6904
[2026-08-30T15:30:00+07:00] close=78074.01 ema_fast=78146.1849 ema_mid=78130.4198 ema_slow=78096.6711 rsi_fast=42.7738
[2026-08-30T16:00:00+07:00] close=77991.65 ema_fast=78115.2779 ema_mid=78117.8043 ema_slow=78092.5527 rsi_fast=36.2275
[2026-08-30T16:30:00+07:00] close=78000.01 ema_fast=78092.2243 ema_mid=78107.0957 ema_slow=78088.9235 rsi_fast=37.3229
[2026-08-30T17:00:00+07:00] close=78050.00 ema_fast=78083.7795 ema_mid=78101.9052 ema_slow=78087.3971 rsi_fast=43.8150
[2026-08-30T17:30:00+07:00] close=78145.29 ema_fast=78096.0816 ema_mid=78105.8493 ema_slow=78089.6674 rsi_fast=54.0267
[2026-08-30T18:00:00+07:00] close=78220.00 ema_fast=78120.8653 ema_mid=78116.2266 ema_slow=78094.7785 rsi_fast=60.3785
[2026-08-30T18:30:00+07:00] close=78166.00 ema_fast=78129.8922 ema_mid=78120.7515 ema_slow=78097.5715 rsi_fast=54.2803
[2026-08-30T19:00:00+07:00] close=78627.99 ema_fast=78229.5118 ema_mid=78166.8641 ema_slow=78118.3722 rsi_fast=76.8167
[2026-08-30T19:30:00+07:00] close=78785.06 ema_fast=78340.6214 ema_mid=78223.0637 ema_slow=78144.5169 rsi_fast=80.4942
[2026-08-30T20:00:00+07:00] close=78729.90 ema_fast=78418.4771 ema_mid=78269.1397 ema_slow=78167.4731 rsi_fast=75.7471
[2026-08-30T20:30:00+07:00] close=78860.00 ema_fast=78506.7817 ema_mid=78322.8543 ema_slow=78194.6310 rsi_fast=79.0288
[2026-08-30T21:00:00+07:00] close=78868.74 ema_fast=78579.1734 ema_mid=78372.4803 ema_slow=78221.0666 rsi_fast=79.2410
[2026-08-30T21:30:00+07:00] close=78783.71 ema_fast=78620.0807 ema_mid=78409.8648 ema_slow=78243.1311 rsi_fast=71.3374
[2026-08-30T22:00:00+07:00] close=78791.68 ema_fast=78654.4006 ema_mid=78444.5753 ema_slow=78264.6428 rsi_fast=71.6357
[2026-08-30T22:30:00+07:00] close=78823.63 ema_fast=78688.2464 ema_mid=78479.0348 ema_slow=78286.5639 rsi_fast=72.9074
[2026-08-30T23:00:00+07:00] close=79043.77 ema_fast=78759.3512 ema_mid=78530.3744 ema_slow=78316.2582 rsi_fast=79.8947
[2026-08-30T23:30:00+07:00] close=79337.93 ema_fast=78875.0669 ema_mid=78603.7885 ema_slow=78356.3238 rsi_fast=85.5118
[2026-08-31T00:00:00+07:00] close=78940.62 ema_fast=78888.1775 ema_mid=78634.4095 ema_slow=78379.2374 rsi_fast=60.0285
[2026-08-31T00:30:00+07:00] close=79021.02 ema_fast=78914.7460 ema_mid=78669.5560 ema_slow=78404.4053 rsi_fast=62.5680
[2026-08-31T01:00:00+07:00] close=79009.61 ema_fast=78933.7188 ema_mid=78700.4700 ema_slow=78428.1388 rsi_fast=61.9397
[2026-08-31T01:30:00+07:00] close=79036.69 ema_fast=78954.3131 ema_mid=78731.0354 ema_slow=78452.0036 rsi_fast=62.9335
[2026-08-31T02:00:00+07:00] close=78917.24 ema_fast=78946.8984 ema_mid=78747.9631 ema_slow=78470.2481 rsi_fast=55.7144
[2026-08-31T02:30:00+07:00] close=78856.39 ema_fast=78928.7968 ema_mid=78757.8201 ema_slow=78485.3910 rsi_fast=52.2777
[2026-08-31T03:00:00+07:00] close=78842.00 ema_fast=78911.4374 ema_mid=78765.4728 ema_slow=78499.3756 rsi_fast=51.4336
[2026-08-31T03:30:00+07:00] close=78597.33 ema_fast=78848.6159 ema_mid=78750.1871 ema_slow=78503.2170 rsi_fast=39.2971
[2026-08-31T04:00:00+07:00] close=78644.00 ema_fast=78807.6927 ema_mid=78740.5337 ema_slow=78508.7379 rsi_fast=42.2227
[2026-08-31T04:30:00+07:00] close=78653.00 ema_fast=78776.7542 ema_mid=78732.5761 ema_slow=78514.3952 rsi_fast=42.8206
[2026-08-31T05:00:00+07:00] close=78382.11 ema_fast=78697.8254 ema_mid=78700.7156 ema_slow=78509.2076 rsi_fast=31.7099
[2026-08-31T05:30:00+07:00] close=78422.01 ema_fast=78642.6623 ema_mid=78675.3787 ema_slow=78505.7881 rsi_fast=34.5250
[2026-08-31T06:00:00+07:00] close=77678.09 ema_fast=78449.7478 ema_mid=78584.7161 ema_slow=78473.3293 rsi_fast=18.5155
[2026-08-31T06:30:00+07:00] close=77682.00 ema_fast=78296.1983 ema_mid=78502.6510 ema_slow=78442.2968 rsi_fast=18.7383
[2026-08-31T07:00:00+07:00] close=77901.33 ema_fast=78217.2246 ema_mid=78447.9854 ema_slow=78421.0824 rsi_fast=30.6970
[2026-08-31T07:30:00+07:00] close=77937.04 ema_fast=78161.1877 ema_mid=78401.5359 ema_slow=78402.1003 rsi_fast=32.5160
[2026-08-31T08:00:00+07:00] close=77775.26 ema_fast=78084.0021 ema_mid=78344.6017 ema_slow=78377.5184 rsi_fast=28.6794
[2026-08-31T08:30:00+07:00] close=77640.94 ema_fast=77995.3897 ema_mid=78280.6324 ema_slow=78348.6329 rsi_fast=25.8324
[2026-08-31T09:00:00+07:00] close=77875.05 ema_fast=77971.3218 ema_mid=78243.7613 ema_slow=78330.0611 rsi_fast=37.9167
[2026-08-31T09:30:00+07:00] close=77473.99 ema_fast=77871.8554 ema_mid=78173.7821 ema_slow=78296.4896 rsi_fast=28.8556
[2026-08-31T10:00:00+07:00] close=77731.11 ema_fast=77843.7063 ema_mid=78133.5392 ema_slow=78274.3179 rsi_fast=39.3151
[2026-08-31T10:30:00+07:00] close=77756.71 ema_fast=77826.3071 ema_mid=78099.2820 ema_slow=78254.0195 rsi_fast=40.2982
[2026-08-31T11:00:00+07:00] close=77514.01 ema_fast=77763.8477 ema_mid=78046.0754 ema_slow=78224.9996 rsi_fast=34.3610
[2026-08-31T11:30:00+07:00] close=77622.28 ema_fast=77735.5341 ema_mid=78007.5486 ema_slow=78201.3635 rsi_fast=38.8803
[2026-08-31T12:00:00+07:00] close=77998.84 ema_fast=77788.1953 ema_mid=78006.7569 ema_slow=78193.4214 rsi_fast=51.8512
[2026-08-31T12:30:00+07:00] close=78016.00 ema_fast=77833.7562 ema_mid=78007.5972 ema_slow=78186.4637 rsi_fast=52.3694
[2026-08-31T13:00:00+07:00] close=78007.99 ema_fast=77868.6030 ema_mid=78007.6329 ema_slow=78179.4647 rsi_fast=52.0751
[2026-08-31T13:30:00+07:00] close=78093.87 ema_fast=77913.6564 ema_mid=78015.4726 ema_slow=78176.1081 rsi_fast=55.1176
[2026-08-31T14:00:00+07:00] close=78213.01 ema_fast=77973.5271 ema_mid=78033.4306 ema_slow=78177.5552 rsi_fast=59.1637
[2026-08-31T14:30:00+07:00] close=78196.01 ema_fast=78018.0237 ema_mid=78048.2105 ema_slow=78178.2789 rsi_fast=58.3197
[2026-08-31T15:00:00+07:00] close=78094.00 ema_fast=78033.2190 ema_mid=78052.3732 ema_slow=78174.9739 rsi_fast=53.1970
[2026-08-31T15:30:00+07:00] close=78480.80 ema_fast=78122.7352 ema_mid=78091.3211 ema_slow=78186.9671 rsi_fast=65.9539
[2026-08-31T16:00:00+07:00] close=78652.06 ema_fast=78228.6001 ema_mid=78142.2974 ema_slow=78205.2060 rsi_fast=70.0237
[2026-08-31T16:30:00+07:00] close=78511.03 ema_fast=78285.0861 ema_mid=78175.8185 ema_slow=78217.1991 rsi_fast=63.0423
[2026-08-31T17:00:00+07:00] close=78438.16 ema_fast=78315.7009 ema_mid=78199.6677 ema_slow=78225.8642 rsi_fast=59.5888
[2026-08-31T17:30:00+07:00] close=78710.01 ema_fast=78394.5627 ema_mid=78246.0625 ema_slow=78244.8503 rsi_fast=67.1429
[2026-08-31T18:00:00+07:00] close=78480.08 ema_fast=78411.6662 ema_mid=78267.3368 ema_slow=78254.0750 rsi_fast=57.0037
[2026-08-31T18:30:00+07:00] close=78315.43 ema_fast=78392.4189 ema_mid=78271.7089 ema_slow=78256.4811 rsi_fast=50.8212
[2026-08-31T19:00:00+07:00] close=78092.01 ema_fast=78332.3371 ema_mid=78255.3726 ema_slow=78250.0313 rsi_fast=43.6021
[2026-08-31T19:30:00+07:00] close=77930.39 ema_fast=78251.9477 ema_mid=78225.8288 ema_slow=78237.4963 rsi_fast=39.0839
[2026-08-31T20:00:00+07:00] close=78055.64 ema_fast=78212.6862 ema_mid=78210.3571 ema_slow=78230.3647 rsi_fast=44.1312
[2026-08-31T20:30:00+07:00] close=77867.39 ema_fast=78143.6269 ema_mid=78179.1782 ema_slow=78216.1304 rsi_fast=38.7082
[2026-08-31T21:00:00+07:00] close=78030.08 ema_fast=78120.9176 ema_mid=78165.6239 ema_slow=78208.8343 rsi_fast=45.2495
[2026-08-31T21:30:00+07:00] close=78600.14 ema_fast=78216.7620 ema_mid=78205.1253 ema_slow=78224.1796 rsi_fast=61.4622
[2026-08-31T22:00:00+07:00] close=78462.94 ema_fast=78265.9976 ema_mid=78228.5630 ema_slow=78233.5428 rsi_fast=56.9001
[2026-08-31T22:30:00+07:00] close=78580.42 ema_fast=78328.8821 ema_mid=78260.5500 ema_slow=78247.1458 rsi_fast=59.7762
[2026-08-31T23:00:00+07:00] close=78647.20 ema_fast=78392.5457 ema_mid=78295.7000 ema_slow=78262.8342 rsi_fast=61.4225
[2026-08-31T23:30:00+07:00] close=78639.57 ema_fast=78441.9505 ema_mid=78326.9609 ema_slow=78277.6081 rsi_fast=61.1010
[2026-09-01T00:00:00+07:00] close=78534.26 ema_fast=78460.4124 ema_mid=78345.8063 ema_slow=78287.6729 rsi_fast=56.5092
[2026-09-01T00:30:00+07:00] close=78897.36 ema_fast=78547.8020 ema_mid=78395.9475 ema_slow=78311.5822 rsi_fast=66.3255
[2026-09-01T01:00:00+07:00] close=78908.00 ema_fast=78619.8416 ema_mid=78442.4978 ema_slow=78334.9712 rsi_fast=66.5742
[2026-09-01T01:30:00+07:00] close=79016.00 ema_fast=78699.0732 ema_mid=78494.6343 ema_slow=78361.6782 rsi_fast=69.1741
[2026-09-01T02:00:00+07:00] close=79090.01 ema_fast=78777.2606 ema_mid=78548.7594 ema_slow=78390.2402 rsi_fast=70.9179
[2026-09-01T02:30:00+07:00] close=78898.06 ema_fast=78801.4205 ema_mid=78580.5140 ema_slow=78410.1547 rsi_fast=60.8705
[2026-09-01T03:00:00+07:00] close=78923.08 ema_fast=78825.7524 ema_mid=78611.6564 ema_slow=78430.2694 rsi_fast=61.6669
[2026-09-01T03:30:00+07:00] close=78864.72 ema_fast=78833.5459 ema_mid=78634.6621 ema_slow=78447.3067 rsi_fast=58.5405
[2026-09-01T04:00:00+07:00] close=78960.38 ema_fast=78858.9127 ema_mid=78664.2729 ema_slow=78467.4272 rsi_fast=62.0852
[2026-09-01T04:30:00+07:00] close=78964.32 ema_fast=78879.9942 ema_mid=78691.5499 ema_slow=78486.9132 rsi_fast=62.2348
[2026-09-01T05:00:00+07:00] close=78761.92 ema_fast=78856.3793 ema_mid=78697.9472 ema_slow=78497.6978 rsi_fast=50.6779
[2026-09-01T05:30:00+07:00] close=78593.15 ema_fast=78803.7335 ema_mid=78688.4201 ema_slow=78501.4410 rsi_fast=43.1595
[2026-09-01T06:00:00+07:00] close=78580.57 ema_fast=78759.1008 ema_mid=78678.6156 ema_slow=78504.5441 rsi_fast=42.6292
[2026-09-01T06:30:00+07:00] close=78581.29 ema_fast=78723.5386 ema_mid=78669.7678 ema_slow=78507.5538 rsi_fast=42.6745
[2026-09-01T07:00:00+07:00] close=78872.73 ema_fast=78753.3769 ema_mid=78688.2189 ema_slow=78521.8744 rsi_fast=57.8489
[2026-09-01T07:30:00+07:00] close=78652.00 ema_fast=78733.1015 ema_mid=78684.9263 ema_slow=78526.9774 rsi_fast=47.2027
[2026-09-01T08:00:00+07:00] close=78421.38 ema_fast=78670.7572 ema_mid=78660.9675 ema_slow=78522.8363 rsi_fast=38.8079
[2026-09-01T08:30:00+07:00] close=78410.62 ema_fast=78618.7298 ema_mid=78638.2087 ema_slow=78518.4356 rsi_fast=38.4490
[2026-09-01T09:00:00+07:00] close=78215.99 ema_fast=78538.1818 ema_mid=78599.8251 ema_slow=78506.5750 rsi_fast=32.3590
[2026-09-01T09:30:00+07:00] close=78449.99 ema_fast=78520.5435 ema_mid=78586.2038 ema_slow=78504.3560 rsi_fast=44.2934
[2026-09-01T10:00:00+07:00] close=78477.87 ema_fast=78512.0088 ema_mid=78576.3552 ema_slow=78503.3173 rsi_fast=45.5804
[2026-09-01T10:30:00+07:00] close=78679.01 ema_fast=78545.4090 ema_mid=78585.6875 ema_slow=78510.2073 rsi_fast=54.1733
[2026-09-01T11:00:00+07:00] close=78829.54 ema_fast=78602.2352 ema_mid=78607.8559 ema_slow=78522.7301 rsi_fast=59.5508
[2026-09-01T11:30:00+07:00] close=78727.11 ema_fast=78627.2102 ema_mid=78618.6972 ema_slow=78530.7450 rsi_fast=54.6423
[2026-09-01T12:00:00+07:00] close=78993.19 ema_fast=78700.4061 ema_mid=78652.7420 ema_slow=78548.8801 rsi_fast=63.4471
[2026-09-01T12:30:00+07:00] close=79179.99 ema_fast=78796.3229 ema_mid=78700.6736 ema_slow=78573.6295 rsi_fast=68.3062
[2026-09-01T13:00:00+07:00] close=78897.64 ema_fast=78816.5863 ema_mid=78718.5797 ema_slow=78586.3358 rsi_fast=55.7125
[2026-09-01T13:30:00+07:00] close=78745.39 ema_fast=78802.3471 ema_mid=78721.0170 ema_slow=78592.5732 rsi_fast=50.1082
[2026-09-01T14:00:00+07:00] close=78781.50 ema_fast=78798.1776 ema_mid=78726.5154 ema_slow=78599.9821 rsi_fast=51.4124
[2026-09-01T14:30:00+07:00] close=78632.37 ema_fast=78765.0161 ema_mid=78717.9567 ema_slow=78601.2522 rsi_fast=45.8447
[2026-09-01T15:00:00+07:00] close=77888.00 ema_fast=78589.6129 ema_mid=78642.5061 ema_slow=78573.2816 rsi_fast=28.5086
[2026-09-01T15:30:00+07:00] close=77883.28 ema_fast=78448.3463 ema_mid=78573.4856 ema_slow=78546.2227 rsi_fast=28.4319
[2026-09-01T16:00:00+07:00] close=77931.29 ema_fast=78344.9351 ema_mid=78515.1042 ema_slow=78522.1077 rsi_fast=30.5693
[2026-09-01T16:30:00+07:00] close=77915.00 ema_fast=78258.9480 ema_mid=78460.5492 ema_slow=78498.2995 rsi_fast=30.2248
[2026-09-01T17:00:00+07:00] close=78005.85 ema_fast=78208.3284 ema_mid=78419.2129 ema_slow=78478.9878 rsi_fast=34.8334
[2026-09-01T17:30:00+07:00] close=78029.67 ema_fast=78172.5967 ema_mid=78383.7999 ema_slow=78461.3675 rsi_fast=36.0787
[2026-09-01T18:00:00+07:00] close=78009.12 ema_fast=78139.9014 ema_mid=78349.7381 ema_slow=78443.6323 rsi_fast=35.4218
[2026-09-01T18:30:00+07:00] close=78098.97 ema_fast=78131.7151 ema_mid=78326.9410 ema_slow=78430.1161 rsi_fast=40.7305
[2026-09-01T19:00:00+07:00] close=77994.01 ema_fast=78104.1741 ema_mid=78296.6746 ema_slow=78413.0139 rsi_fast=36.7592
[2026-09-01T19:30:00+07:00] close=78004.00 ema_fast=78084.1393 ema_mid=78270.0678 ema_slow=78396.9741 rsi_fast=37.4126
[2026-09-01T20:00:00+07:00] close=77888.39 ema_fast=78044.9894 ema_mid=78235.3698 ema_slow=78377.0297 rsi_fast=32.9767
[2026-09-01T20:30:00+07:00] close=78071.99 ema_fast=78050.3895 ema_mid=78220.5171 ema_slow=78365.0673 rsi_fast=44.6927
[2026-09-01T21:00:00+07:00] close=78262.15 ema_fast=78092.7416 ema_mid=78224.3019 ema_slow=78361.0314 rsi_fast=54.0516
[2026-09-01T21:30:00+07:00] close=78167.99 ema_fast=78107.7913 ema_mid=78219.1826 ema_slow=78353.4611 rsi_fast=49.3954
[2026-09-01T22:00:00+07:00] close=77869.21 ema_fast=78060.0750 ema_mid=78187.3670 ema_slow=78334.4709 rsi_fast=37.7783
[2026-09-01T22:30:00+07:00] close=77919.06 ema_fast=78031.8720 ema_mid=78162.9754 ema_slow=78318.1802 rsi_fast=40.4089
[2026-09-01T23:00:00+07:00] close=77623.13 ema_fast=77950.1236 ema_mid=78113.8986 ema_slow=78290.9234 rsi_fast=31.5115
[2026-09-01T23:30:00+07:00] close=77596.01 ema_fast=77879.3009 ema_mid=78066.8178 ema_slow=78263.6719 rsi_fast=30.8121
[2026-09-02T00:00:00+07:00] close=77513.92 ema_fast=77806.2247 ema_mid=78016.5543 ema_slow=78234.2698 rsi_fast=28.6468
[2026-09-02T00:30:00+07:00] close=77265.79 ema_fast=77698.1378 ema_mid=77948.3030 ema_slow=78196.2902 rsi_fast=23.1215
[2026-09-02T01:00:00+07:00] close=77057.21 ema_fast=77569.9522 ema_mid=77867.2946 ema_slow=78151.6204 rsi_fast=19.5547
[2026-09-02T01:30:00+07:00] close=77153.90 ema_fast=77486.7418 ema_mid=77802.4405 ema_slow=78112.4941 rsi_fast=25.5446
[2026-09-02T02:00:00+07:00] close=77362.45 ema_fast=77461.8834 ema_mid=77762.4414 ema_slow=78083.0806 rsi_fast=36.9383
[2026-09-02T02:30:00+07:00] close=77312.00 ema_fast=77431.9067 ema_mid=77721.4922 ema_slow=78052.8422 rsi_fast=35.4615
[2026-09-02T03:00:00+07:00] close=77400.00 ema_fast=77425.5254 ema_mid=77692.2656 ema_slow=78027.2405 rsi_fast=40.1565
[2026-09-02T03:30:00+07:00] close=77448.45 ema_fast=77430.1103 ema_mid=77670.1006 ema_slow=78004.5429 rsi_fast=42.7368
[2026-09-02T04:00:00+07:00] close=77188.68 ema_fast=77381.8242 ema_mid=77626.3351 ema_slow=77972.5482 rsi_fast=33.9161
[2026-09-02T04:30:00+07:00] close=77211.32 ema_fast=77347.7234 ema_mid=77588.6064 ema_slow=77942.6961 rsi_fast=35.2269
[2026-09-02T05:00:00+07:00] close=77072.00 ema_fast=77292.5787 ema_mid=77541.6422 ema_slow=77908.5512 rsi_fast=30.9737
[2026-09-02T05:30:00+07:00] close=77274.02 ema_fast=77288.8670 ema_mid=77517.3129 ema_slow=77883.6676 rsi_fast=42.3320
[2026-09-02T06:00:00+07:00] close=77396.84 ema_fast=77310.4616 ema_mid=77506.3608 ema_slow=77864.5763 rsi_fast=48.1657
[2026-09-02T06:30:00+07:00] close=77439.00 ema_fast=77336.1693 ema_mid=77500.2371 ema_slow=77847.8871 rsi_fast=50.1145
[2026-09-02T07:00:00+07:00] close=77262.90 ema_fast=77321.5154 ema_mid=77478.6610 ema_slow=77824.9464 rsi_fast=42.5901
[2026-09-02T07:30:00+07:00] close=77213.25 ema_fast=77299.8623 ema_mid=77454.5327 ema_slow=77800.9583 rsi_fast=40.6540
[2026-09-02T08:00:00+07:00] close=77150.00 ema_fast=77269.8899 ema_mid=77426.8479 ema_slow=77775.4305 rsi_fast=38.1675
[2026-09-02T08:30:00+07:00] close=77020.68 ema_fast=77220.0479 ema_mid=77389.9236 ema_slow=77745.8325 rsi_fast=33.4601
[2026-09-02T09:00:00+07:00] close=77325.48 ema_fast=77241.1343 ema_mid=77384.0651 ema_slow=77729.3481 rsi_fast=49.8581
[2026-09-02T09:30:00+07:00] close=77329.20 ema_fast=77258.7475 ema_mid=77379.0773 ema_slow=77713.6560 rsi_fast=50.0272
[2026-09-02T10:00:00+07:00] close=77660.56 ema_fast=77339.1100 ema_mid=77404.6667 ema_slow=77711.5738 rsi_fast=62.6493
[2026-09-02T10:30:00+07:00] close=77563.50 ema_fast=77383.9880 ema_mid=77419.1061 ema_slow=77705.7670 rsi_fast=57.8355
[2026-09-02T11:00:00+07:00] close=77431.27 ema_fast=77393.4444 ema_mid=77420.2119 ema_slow=77695.0024 rsi_fast=51.7422
[2026-09-02T11:30:00+07:00] close=77561.82 ema_fast=77427.1195 ema_mid=77433.0853 ema_slow=77689.7795 rsi_fast=56.7977
[2026-09-02T12:00:00+07:00] close=77744.78 ema_fast=77490.6516 ema_mid=77461.4212 ema_slow=77691.9364 rsi_fast=62.9219
[2026-09-02T12:30:00+07:00] close=77651.07 ema_fast=77522.7353 ema_mid=77478.6620 ema_slow=77690.3338 rsi_fast=58.1704
[2026-09-02T13:00:00+07:00] close=77545.93 ema_fast=77527.3742 ema_mid=77484.7773 ema_slow=77684.6709 rsi_fast=53.1084
[2026-09-02T13:30:00+07:00] close=77611.54 ema_fast=77544.2074 ema_mid=77496.3012 ema_slow=77681.8030 rsi_fast=55.8081
[2026-09-02T14:00:00+07:00] close=77598.00 ema_fast=77554.9659 ema_mid=77505.5465 ema_slow=77678.5167 rsi_fast=55.0720
[2026-09-02T14:30:00+07:00] close=77473.85 ema_fast=77538.7427 ema_mid=77502.6650 ema_slow=77670.4905 rsi_fast=48.4762
[2026-09-02T15:00:00+07:00] close=77248.01 ema_fast=77480.5962 ema_mid=77479.5146 ema_slow=77653.9226 rsi_fast=38.9336
[2026-09-02T15:30:00+07:00] close=76854.11 ema_fast=77355.2989 ema_mid=77422.6596 ema_slow=77622.5574 rsi_fast=28.0854
[2026-09-02T16:00:00+07:00] close=76891.96 ema_fast=77262.6312 ema_mid=77374.4142 ema_slow=77593.9066 rsi_fast=30.1882
[2026-09-02T16:30:00+07:00] close=76752.26 ema_fast=77160.5569 ema_mid=77317.8547 ema_slow=77560.9008 rsi_fast=26.9198
[2026-09-02T17:00:00+07:00] close=76571.80 ema_fast=77042.8055 ema_mid=77250.0316 ema_slow=77522.1125 rsi_fast=23.2602
[2026-09-02T17:30:00+07:00] close=76680.88 ema_fast=76970.4204 ema_mid=77198.2905 ema_slow=77489.1230 rsi_fast=29.7541
[2026-09-02T18:00:00+07:00] close=76502.00 ema_fast=76876.7363 ema_mid=77134.9914 ema_slow=77450.4123 rsi_fast=25.7362
[2026-09-02T18:30:00+07:00] close=76828.76 ema_fast=76867.1411 ema_mid=77107.1522 ema_slow=77426.0338 rsi_fast=41.8682
[2026-09-02T19:00:00+07:00] close=76988.50 ema_fast=76891.4129 ema_mid=77096.3656 ema_slow=77408.8756 rsi_fast=48.0719
[2026-09-02T19:30:00+07:00] close=76613.88 ema_fast=76835.9063 ema_mid=77052.5033 ema_slow=77377.6993 rsi_fast=37.5105
[2026-09-02T20:00:00+07:00] close=76881.11 ema_fast=76844.9470 ema_mid=77036.9221 ema_slow=77358.2252 rsi_fast=46.8767
[2026-09-02T20:30:00+07:00] close=77146.00 ema_fast=76905.1576 ema_mid=77046.8382 ema_slow=77349.9027 rsi_fast=54.4843
[2026-09-02T21:00:00+07:00] close=77336.51 ema_fast=76991.4281 ema_mid=77073.1720 ema_slow=77349.3775 rsi_fast=59.2105
[2026-09-02T21:30:00+07:00] close=77066.42 ema_fast=77006.4265 ema_mid=77072.5582 ema_slow=77338.2811 rsi_fast=50.7977
[2026-09-02T22:00:00+07:00] close=77039.92 ema_fast=77013.1252 ema_mid=77069.5911 ema_slow=77326.5807 rsi_fast=50.0133
[2026-09-02T22:30:00+07:00] close=77288.98 ema_fast=77068.2961 ema_mid=77089.5355 ema_slow=77325.1061 rsi_fast=57.0289
[2026-09-02T23:00:00+07:00] close=77464.02 ema_fast=77147.4409 ema_mid=77123.5796 ema_slow=77330.5537 rsi_fast=61.3210
[2026-09-02T23:30:00+07:00] close=77171.50 ema_fast=77152.2527 ema_mid=77127.9360 ema_slow=77324.3163 rsi_fast=51.6263
[2026-09-03T00:00:00+07:00] close=77100.00 ema_fast=77141.8022 ema_mid=77125.3964 ema_slow=77315.5196 rsi_fast=49.4754
[2026-09-03T00:30:00+07:00] close=77381.66 ema_fast=77189.7737 ema_mid=77148.6930 ema_slow=77318.1134 rsi_fast=57.3501
[2026-09-03T01:00:00+07:00] close=77447.28 ema_fast=77241.2750 ema_mid=77175.8373 ema_slow=77323.1787 rsi_fast=59.0240
[2026-09-03T01:30:00+07:00] close=77377.76 ema_fast=77268.5720 ema_mid=77194.1939 ema_slow=77325.3192 rsi_fast=56.3864
[2026-09-03T02:00:00+07:00] close=77168.66 ema_fast=77248.5896 ema_mid=77191.8727 ema_slow=77319.1757 rsi_fast=48.9802
[2026-09-03T02:30:00+07:00] close=77341.47 ema_fast=77267.1657 ema_mid=77205.4724 ema_slow=77320.0499 rsi_fast=54.5327
[2026-09-03T03:00:00+07:00] close=77382.36 ema_fast=77290.2045 ema_mid=77221.5531 ema_slow=77322.4935 rsi_fast=55.8128
[2026-09-03T03:30:00+07:00] close=77406.01 ema_fast=77313.3656 ema_mid=77238.3219 ema_slow=77325.7686 rsi_fast=56.6077
[2026-09-03T04:00:00+07:00] close=77283.48 ema_fast=77307.3885 ema_mid=77242.4272 ema_slow=77324.1103 rsi_fast=51.2354
[2026-09-03T04:30:00+07:00] close=77284.00 ema_fast=77302.7108 ema_mid=77246.2065 ema_slow=77322.5373 rsi_fast=51.2575
[2026-09-03T05:00:00+07:00] close=77024.53 ema_fast=77247.0746 ema_mid=77226.0541 ema_slow=77310.8507 rsi_fast=40.8674
[2026-09-03T05:30:00+07:00] close=77034.03 ema_fast=77204.4657 ema_mid=77208.5974 ema_slow=77299.9950 rsi_fast=41.3570
[2026-09-03T06:00:00+07:00] close=77195.08 ema_fast=77202.5886 ema_mid=77207.3685 ema_slow=77295.8807 rsi_fast=49.3548
[2026-09-03T06:30:00+07:00] close=77340.01 ema_fast=77230.0729 ema_mid=77219.4269 ema_slow=77297.6113 rsi_fast=55.4990
[2026-09-03T07:00:00+07:00] close=77035.87 ema_fast=77191.2323 ema_mid=77202.7399 ema_slow=77287.3469 rsi_fast=43.1423
[2026-09-03T07:30:00+07:00] close=77068.01 ema_fast=77166.5878 ema_mid=77190.4917 ema_slow=77278.7455 rsi_fast=44.6085
[2026-09-03T08:00:00+07:00] close=77438.00 ema_fast=77220.8703 ema_mid=77212.9925 ema_slow=77284.9907 rsi_fast=58.4759
[2026-09-03T08:30:00+07:00] close=77356.70 ema_fast=77248.0362 ema_mid=77226.0568 ema_slow=77287.8029 rsi_fast=55.0678
[2026-09-03T09:00:00+07:00] close=77598.67 ema_fast=77318.1630 ema_mid=77259.9307 ema_slow=77299.9937 rsi_fast=62.4043
[2026-09-03T09:30:00+07:00] close=77816.01 ema_fast=77417.7324 ema_mid=77310.4834 ema_slow=77320.2297 rsi_fast=67.7288
[2026-09-03T10:00:00+07:00] close=77750.00 ema_fast=77484.1859 ema_mid=77350.4394 ema_slow=77337.0834 rsi_fast=64.6026
[2026-09-03T10:30:00+07:00] close=77708.00 ema_fast=77528.9487 ema_mid=77382.9449 ema_slow=77351.6292 rsi_fast=62.5365
[2026-09-03T11:00:00+07:00] close=77576.15 ema_fast=77538.3890 ema_mid=77400.5090 ema_slow=77360.4339 rsi_fast=56.1897
[2026-09-03T11:30:00+07:00] close=77776.00 ema_fast=77585.9112 ema_mid=77434.6446 ema_slow=77376.7306 rsi_fast=62.6530
[2026-09-03T12:00:00+07:00] close=77200.01 ema_fast=77508.7309 ema_mid=77413.3142 ema_slow=77369.8004 rsi_fast=42.3805
[2026-09-03T12:30:00+07:00] close=77809.91 ema_fast=77568.9668 ema_mid=77449.3683 ema_slow=77387.0596 rsi_fast=58.4108
[2026-09-03T13:00:00+07:00] close=77748.46 ema_fast=77604.8654 ema_mid=77476.5585 ema_slow=77401.2321 rsi_fast=56.6252
[2026-09-03T13:30:00+07:00] close=77835.19 ema_fast=77650.9303 ema_mid=77509.1613 ema_slow=77418.2501 rsi_fast=58.6331
[2026-09-03T14:00:00+07:00] close=77954.01 ema_fast=77711.5463 ema_mid=77549.6021 ema_slow=77439.2603 rsi_fast=61.3881
[2026-09-03T14:30:00+07:00] close=77663.15 ema_fast=77701.8670 ema_mid=77559.9247 ema_slow=77448.0403 rsi_fast=51.8742
[2026-09-03T15:00:00+07:00] close=77979.13 ema_fast=77757.3196 ema_mid=77598.0342 ema_slow=77468.8673 rsi_fast=59.5381
[2026-09-03T15:30:00+07:00] close=77843.34 ema_fast=77774.5237 ema_mid=77620.3348 ema_slow=77483.5525 rsi_fast=55.2819
[2026-09-03T16:00:00+07:00] close=77742.67 ema_fast=77768.1529 ema_mid=77631.4561 ema_slow=77493.7140 rsi_fast=52.1714
[2026-09-03T16:30:00+07:00] close=77615.24 ema_fast=77737.5704 ema_mid=77629.9820 ema_slow=77498.4797 rsi_fast=48.3012
[2026-09-03T17:00:00+07:00] close=77630.96 ema_fast=77716.2483 ema_mid=77630.0709 ema_slow=77503.6750 rsi_fast=48.8280
[2026-09-03T17:30:00+07:00] close=77735.88 ema_fast=77720.1746 ema_mid=77639.6899 ema_slow=77512.7811 rsi_fast=52.4651
[2026-09-03T18:00:00+07:00] close=77927.21 ema_fast=77761.5817 ema_mid=77665.8281 ema_slow=77529.0332 rsi_fast=58.5144
[2026-09-03T18:30:00+07:00] close=77948.39 ema_fast=77798.9434 ema_mid=77691.5155 ema_slow=77545.4786 rsi_fast=59.1616
[2026-09-03T19:00:00+07:00] close=77970.09 ema_fast=77833.1727 ema_mid=77716.8405 ema_slow=77562.1300 rsi_fast=59.8830
[2026-09-03T19:30:00+07:00] close=78652.38 ema_fast=77997.0142 ema_mid=77801.8895 ema_slow=77604.8849 rsi_fast=75.3101
[2026-09-03T20:00:00+07:00] close=78494.83 ema_fast=78096.5773 ema_mid=77864.8841 ema_slow=77639.7847 rsi_fast=68.4700
[2026-09-03T20:30:00+07:00] close=78840.52 ema_fast=78245.3659 ema_mid=77953.5783 ema_slow=77686.8724 rsi_fast=74.2443
[2026-09-03T21:00:00+07:00] close=79664.01 ema_fast=78529.0947 ema_mid=78109.0721 ema_slow=77764.4072 rsi_fast=82.7235
[2026-09-03T21:30:00+07:00] close=80549.97 ema_fast=78933.2697 ema_mid=78330.9719 ema_slow=77873.6449 rsi_fast=87.6461
[2026-09-03T22:00:00+07:00] close=80743.75 ema_fast=79295.3658 ema_mid=78550.3153 ema_slow=77986.1981 rsi_fast=88.4555
[2026-09-03T22:30:00+07:00] close=81348.00 ema_fast=79705.8926 ema_mid=78804.6503 ema_slow=78118.0335 rsi_fast=90.6130
[2026-09-03T23:00:00+07:00] close=80765.96 ema_fast=79917.9061 ema_mid=78982.9512 ema_slow=78221.8737 rsi_fast=75.3528
[2026-09-03T23:30:00+07:00] close=80969.37 ema_fast=80128.1989 ema_mid=79163.5347 ema_slow=78329.6187 rsi_fast=76.8834
[2026-09-04T00:00:00+07:00] close=80997.23 ema_fast=80302.0051 ema_mid=79330.2343 ema_slow=78434.2309 rsi_fast=77.1025
[2026-09-04T00:30:00+07:00] close=81042.00 ema_fast=80450.0041 ema_mid=79485.8494 ema_slow=78536.4963 rsi_fast=77.4883
[2026-09-04T01:00:00+07:00] close=80948.00 ema_fast=80549.6033 ema_mid=79618.7721 ema_slow=78631.0651 rsi_fast=74.5229
[2026-09-04T01:30:00+07:00] close=81254.32 ema_fast=80690.5466 ema_mid=79767.4583 ema_slow=78733.9378 rsi_fast=77.6575
[2026-09-04T02:00:00+07:00] close=81546.71 ema_fast=80861.7793 ema_mid=79929.2085 ema_slow=78844.2426 rsi_fast=80.2649
[2026-09-04T02:30:00+07:00] close=81755.41 ema_fast=81040.5054 ema_mid=80095.2268 ema_slow=78958.4061 rsi_fast=81.9558
[2026-09-04T03:00:00+07:00] close=81535.58 ema_fast=81139.5203 ema_mid=80226.1680 ema_slow=79059.4717 rsi_fast=74.4016
[2026-09-04T03:30:00+07:00] close=81473.00 ema_fast=81206.2163 ema_mid=80339.5164 ema_slow=79154.1199 rsi_fast=72.2683
[2026-09-04T04:00:00+07:00] close=81762.00 ema_fast=81317.3730 ema_mid=80468.8330 ema_slow=79256.3897 rsi_fast=75.8638
[2026-09-04T04:30:00+07:00] close=81590.00 ema_fast=81371.8984 ema_mid=80570.7573 ema_slow=79347.9038 rsi_fast=69.8042
[2026-09-04T05:00:00+07:00] close=81131.82 ema_fast=81323.8827 ema_mid=80621.7630 ema_slow=79417.8613 rsi_fast=56.3223
[2026-09-04T05:30:00+07:00] close=81140.00 ema_fast=81287.1062 ema_mid=80668.8755 ema_slow=79485.3962 rsi_fast=56.4910
[2026-09-04T06:00:00+07:00] close=81281.99 ema_fast=81286.0830 ema_mid=80724.6132 ema_slow=79555.8508 rsi_fast=59.5439
[2026-09-04T06:30:00+07:00] close=81270.37 ema_fast=81282.9404 ema_mid=80774.2274 ema_slow=79623.0869 rsi_fast=59.1617
[2026-09-04T07:00:00+07:00] close=81148.01 ema_fast=81255.9543 ema_mid=80808.2076 ema_slow=79682.8878 rsi_fast=54.9812
[2026-09-04T07:30:00+07:00] close=80972.12 ema_fast=81199.1874 ema_mid=80823.1088 ema_slow=79733.4459 rsi_fast=49.3427
[2026-09-04T08:00:00+07:00] close=80827.07 ema_fast=81124.7639 ema_mid=80823.4689 ema_slow=79776.3331 rsi_fast=45.0560
[2026-09-04T08:30:00+07:00] close=80968.01 ema_fast=81093.4132 ema_mid=80836.6090 ema_slow=79823.0655 rsi_fast=49.8213
[2026-09-04T09:00:00+07:00] close=80716.65 ema_fast=81018.0605 ema_mid=80825.7036 ema_slow=79858.1081 rsi_fast=42.4367
[2026-09-04T09:30:00+07:00] close=80831.99 ema_fast=80980.8464 ema_mid=80826.2751 ema_slow=79896.2995 rsi_fast=46.5281
[2026-09-04T10:00:00+07:00] close=80842.01 ema_fast=80953.0791 ema_mid=80827.7056 ema_slow=79933.3862 rsi_fast=46.8970
[2026-09-04T10:30:00+07:00] close=80850.00 ema_fast=80932.4633 ema_mid=80829.7323 ema_slow=79969.3318 rsi_fast=47.2236
[2026-09-04T11:00:00+07:00] close=81267.64 ema_fast=80999.4986 ema_mid=80869.5421 ema_slow=80020.2459 rsi_fast=61.2417
[2026-09-04T11:30:00+07:00] close=81070.54 ema_fast=81013.7069 ema_mid=80887.8146 ema_slow=80061.4339 rsi_fast=53.6727
[2026-09-04T12:00:00+07:00] close=81024.32 ema_fast=81015.8295 ema_mid=80900.2242 ema_slow=80099.1941 rsi_fast=51.9779
[2026-09-04T12:30:00+07:00] close=80996.15 ema_fast=81011.8936 ema_mid=80908.9447 ema_slow=80134.3689 rsi_fast=50.8764
[2026-09-04T13:00:00+07:00] close=80725.38 ema_fast=80954.5909 ema_mid=80892.2570 ema_slow=80157.5458 rsi_fast=41.3914
[2026-09-04T13:30:00+07:00] close=80797.39 ema_fast=80923.1507 ema_mid=80883.6328 ema_slow=80182.6377 rsi_fast=44.4878
[2026-09-04T14:00:00+07:00] close=80862.05 ema_fast=80910.9306 ema_mid=80881.6707 ema_slow=80209.2813 rsi_fast=47.3003
[2026-09-04T14:30:00+07:00] close=80656.87 ema_fast=80860.1185 ema_mid=80861.2343 ema_slow=80226.8338 rsi_fast=40.0556
[2026-09-04T15:00:00+07:00] close=80982.57 ema_fast=80884.6088 ema_mid=80872.2648 ema_slow=80256.4705 rsi_fast=52.9303
[2026-09-04T15:30:00+07:00] close=81147.16 ema_fast=80937.1190 ema_mid=80897.2553 ema_slow=80291.3995 rsi_fast=58.0522
[2026-09-04T16:00:00+07:00] close=81037.65 ema_fast=80957.2252 ema_mid=80910.0184 ema_slow=80320.6643 rsi_fast=53.6799
[2026-09-04T16:30:00+07:00] close=81056.63 ema_fast=80977.1062 ema_mid=80923.3467 ema_slow=80349.5257 rsi_fast=54.3503
[2026-09-04T17:00:00+07:00] close=80961.18 ema_fast=80973.9209 ema_mid=80926.7861 ema_slow=80373.5121 rsi_fast=50.2368
[2026-09-04T17:30:00+07:00] close=81179.63 ema_fast=81015.0627 ema_mid=80949.7719 ema_slow=80405.1246 rsi_fast=58.3525
[2026-09-04T18:00:00+07:00] close=81336.21 ema_fast=81079.2922 ema_mid=80984.9027 ema_slow=80441.6377 rsi_fast=63.1929
[2026-09-04T18:30:00+07:00] close=81224.86 ema_fast=81108.4058 ema_mid=81006.7170 ema_slow=80472.3523 rsi_fast=57.8169
[2026-09-04T19:00:00+07:00] close=81340.00 ema_fast=81154.7246 ema_mid=81037.0154 ema_slow=80506.3777 rsi_fast=61.6156
[2026-09-04T19:30:00+07:00] close=79453.96 ema_fast=80814.5717 ema_mid=80893.1013 ema_slow=80465.1064 rsi_fast=23.1684
[2026-09-04T20:00:00+07:00] close=79312.00 ema_fast=80514.0573 ema_mid=80749.3648 ema_slow=80419.8866 rsi_fast=22.0056
[2026-09-04T20:30:00+07:00] close=79378.67 ema_fast=80286.9799 ema_mid=80624.7562 ema_slow=80379.0546 rsi_fast=24.0203
[2026-09-04T21:00:00+07:00] close=79378.58 ema_fast=80105.2999 ema_mid=80511.4675 ema_slow=80339.8203 rsi_fast=24.0193
[2026-09-04T21:30:00+07:00] close=78915.71 ema_fast=79867.3819 ema_mid=80366.3986 ema_slow=80283.9728 rsi_fast=19.5763
[2026-09-04T22:00:00+07:00] close=79413.03 ema_fast=79776.5115 ema_mid=80279.7287 ema_slow=80249.8182 rsi_fast=34.2722
[2026-09-04T22:30:00+07:00] close=79429.33 ema_fast=79707.0752 ema_mid=80202.4197 ema_slow=80217.6422 rsi_fast=34.7121
[2026-09-04T23:00:00+07:00] close=79549.34 ema_fast=79675.5282 ema_mid=80143.0489 ema_slow=80191.4342 rsi_fast=38.1413
[2026-09-04T23:30:00+07:00] close=79745.73 ema_fast=79689.5685 ema_mid=80106.9290 ema_slow=80173.9556 rsi_fast=43.5953
[2026-09-05T00:00:00+07:00] close=79511.59 ema_fast=79653.9728 ema_mid=80052.8072 ema_slow=80147.9805 rsi_fast=38.9851
[2026-09-05T00:30:00+07:00] close=79472.22 ema_fast=79617.6223 ema_mid=80000.0266 ema_slow=80121.4801 rsi_fast=38.2205
[2026-09-05T01:00:00+07:00] close=79534.55 ema_fast=79601.0078 ema_mid=79957.7105 ema_slow=80098.4632 rsi_fast=40.3057
[2026-09-05T01:30:00+07:00] close=79618.15 ema_fast=79604.4363 ema_mid=79926.8414 ema_slow=80079.6274 rsi_fast=43.1985
[2026-09-05T02:00:00+07:00] close=79808.23 ema_fast=79645.1950 ema_mid=79916.0585 ema_slow=80068.9844 rsi_fast=49.4629
[2026-09-05T02:30:00+07:00] close=79793.34 ema_fast=79674.8240 ema_mid=79904.9023 ema_slow=80058.1748 rsi_fast=48.9868
[2026-09-05T03:00:00+07:00] close=79759.46 ema_fast=79691.7512 ema_mid=79891.6803 ema_slow=80046.4605 rsi_fast=47.8088
[2026-09-05T03:30:00+07:00] close=79697.04 ema_fast=79692.8090 ema_mid=79873.9857 ema_slow=80032.7577 rsi_fast=45.5390
[2026-09-05T04:00:00+07:00] close=79772.57 ema_fast=79708.7612 ema_mid=79864.7661 ema_slow=80022.5543 rsi_fast=48.8451
[2026-09-05T04:30:00+07:00] close=79624.00 ema_fast=79691.8089 ema_mid=79842.8783 ema_slow=80006.9247 rsi_fast=43.0606
[2026-09-05T05:00:00+07:00] close=79706.00 ema_fast=79694.6471 ema_mid=79830.4348 ema_slow=79995.1237 rsi_fast=46.9607
[2026-09-05T05:30:00+07:00] close=79636.09 ema_fast=79682.9357 ema_mid=79812.7671 ema_slow=79981.0440 rsi_fast=44.0657
[2026-09-05T06:00:00+07:00] close=79736.03 ema_fast=79693.5546 ema_mid=79805.7910 ema_slow=79971.4356 rsi_fast=49.1110
[2026-09-05T06:30:00+07:00] close=79660.77 ema_fast=79686.9977 ema_mid=79792.6073 ema_slow=79959.2526 rsi_fast=45.6246
[2026-09-05T07:00:00+07:00] close=79652.71 ema_fast=79680.1401 ema_mid=79779.8893 ema_slow=79947.2314 rsi_fast=45.2376
[2026-09-05T07:30:00+07:00] close=79573.36 ema_fast=79658.7841 ema_mid=79761.1139 ema_slow=79932.5697 rsi_fast=41.3534
[2026-09-05T08:00:00+07:00] close=79693.99 ema_fast=79665.8253 ema_mid=79755.0118 ema_slow=79923.2137 rsi_fast=48.8628
[2026-09-05T08:30:00+07:00] close=79533.34 ema_fast=79639.3282 ema_mid=79734.8598 ema_slow=79907.9245 rsi_fast=40.9978
[2026-09-05T09:00:00+07:00] close=79521.56 ema_fast=79615.7746 ema_mid=79715.4689 ema_slow=79892.7730 rsi_fast=40.4605
[2026-09-05T09:30:00+07:00] close=79569.09 ema_fast=79606.4377 ema_mid=79702.1617 ema_slow=79880.0795 rsi_fast=43.8032
[2026-09-05T10:00:00+07:00] close=79584.00 ema_fast=79601.9501 ema_mid=79691.4197 ema_slow=79868.4685 rsi_fast=44.8950
[2026-09-05T10:30:00+07:00] close=79582.00 ema_fast=79597.9601 ema_mid=79681.4725 ema_slow=79857.2345 rsi_fast=44.7638
[2026-09-05T11:00:00+07:00] close=79558.28 ema_fast=79590.0241 ema_mid=79670.2732 ema_slow=79845.5108 rsi_fast=43.0834
[2026-09-05T11:30:00+07:00] close=79500.01 ema_fast=79572.0213 ema_mid=79654.7947 ema_slow=79831.9617 rsi_fast=39.0338
[2026-09-05T12:00:00+07:00] close=79586.04 ema_fast=79574.8250 ema_mid=79648.5443 ema_slow=79822.3177 rsi_fast=47.2665
[2026-09-05T12:30:00+07:00] close=79577.53 ema_fast=79575.3660 ema_mid=79642.0884 ema_slow=79812.7182 rsi_fast=46.5667
[2026-09-05T13:00:00+07:00] close=79643.03 ema_fast=79588.8988 ema_mid=79642.1740 ema_slow=79806.0638 rsi_fast=52.6383
[2026-09-05T13:30:00+07:00] close=79644.01 ema_fast=79599.9210 ema_mid=79642.3409 ema_slow=79799.7087 rsi_fast=52.7287
[2026-09-05T14:00:00+07:00] close=79717.58 ema_fast=79623.4528 ema_mid=79649.1809 ema_slow=79796.4880 rsi_fast=59.2918
[2026-09-05T14:30:00+07:00] close=79709.96 ema_fast=79640.7543 ema_mid=79654.7062 ema_slow=79793.0947 rsi_fast=58.3478
[2026-09-05T15:00:00+07:00] close=79639.43 ema_fast=79640.4894 ema_mid=79653.3175 ema_slow=79787.0687 rsi_fast=50.0507
[2026-09-05T15:30:00+07:00] close=79650.00 ema_fast=79642.3915 ema_mid=79653.0159 ema_slow=79781.6934 rsi_fast=51.2202
[2026-09-05T16:00:00+07:00] close=79697.72 ema_fast=79653.4572 ema_mid=79657.0799 ema_slow=79778.4004 rsi_fast=56.4045
[2026-09-05T16:30:00+07:00] close=79631.28 ema_fast=79649.0218 ema_mid=79654.7345 ema_slow=79772.6309 rsi_fast=48.3550
[2026-09-05T17:00:00+07:00] close=79615.99 ema_fast=79642.4154 ema_mid=79651.2122 ema_slow=79766.4881 rsi_fast=46.6320
[2026-09-05T17:30:00+07:00] close=79618.01 ema_fast=79637.5343 ema_mid=79648.1938 ema_slow=79760.6655 rsi_fast=46.9132
[2026-09-05T18:00:00+07:00] close=79623.95 ema_fast=79634.8175 ema_mid=79645.9899 ema_slow=79755.3041 rsi_fast=47.8224
[2026-09-05T18:30:00+07:00] close=79609.28 ema_fast=79629.7100 ema_mid=79642.6526 ema_slow=79749.5776 rsi_fast=45.6500
[2026-09-05T19:00:00+07:00] close=79654.97 ema_fast=79634.7620 ema_mid=79643.7724 ema_slow=79745.8675 rsi_fast=53.1130
[2026-09-05T19:30:00+07:00] close=79704.14 ema_fast=79648.6376 ema_mid=79649.2603 ema_slow=79744.2312 rsi_fast=59.7966
[2026-09-05T20:00:00+07:00] close=79754.06 ema_fast=79669.7221 ema_mid=79658.7876 ema_slow=79744.6166 rsi_fast=65.4257
[2026-09-05T20:30:00+07:00] close=79613.67 ema_fast=79658.5117 ema_mid=79654.6860 ema_slow=79739.4815 rsi_fast=45.3405
[2026-09-05T21:00:00+07:00] close=79730.03 ema_fast=79672.8153 ema_mid=79661.5354 ema_slow=79739.1108 rsi_fast=57.5048
[2026-09-05T21:30:00+07:00] close=79719.76 ema_fast=79682.2043 ema_mid=79666.8286 ema_slow=79738.3520 rsi_fast=56.2616
[2026-09-05T22:00:00+07:00] close=79693.36 ema_fast=79684.4354 ema_mid=79669.2405 ema_slow=79736.5876 rsi_fast=52.9510
[2026-09-05T22:30:00+07:00] close=79806.01 ema_fast=79708.7503 ema_mid=79681.6741 ema_slow=79739.3100 rsi_fast=63.3138
[2026-09-05T23:00:00+07:00] close=79891.99 ema_fast=79745.3983 ema_mid=79700.7937 ema_slow=79745.2975 rsi_fast=69.1486
[2026-09-05T23:30:00+07:00] close=80042.00 ema_fast=79804.7186 ema_mid=79731.8125 ema_slow=79756.9329 rsi_fast=76.4883
[2026-09-06T00:00:00+07:00] close=80029.29 ema_fast=79849.6329 ema_mid=79758.8559 ema_slow=79767.6135 rsi_fast=74.7923
[2026-09-06T00:30:00+07:00] close=80058.60 ema_fast=79891.4263 ema_mid=79786.1054 ema_slow=79779.0248 rsi_fast=76.1635
[2026-09-06T01:00:00+07:00] close=79954.71 ema_fast=79904.0830 ema_mid=79801.4331 ema_slow=79785.9144 rsi_fast=62.5874
[2026-09-06T01:30:00+07:00] close=79999.98 ema_fast=79923.2624 ema_mid=79819.4828 ema_slow=79794.3091 rsi_fast=65.5939
[2026-09-06T02:00:00+07:00] close=79962.93 ema_fast=79931.1960 ema_mid=79832.5234 ema_slow=79800.9217 rsi_fast=61.0750
[2026-09-06T02:30:00+07:00] close=79754.00 ema_fast=79895.7568 ema_mid=79825.3849 ema_slow=79799.0816 rsi_fast=42.5003
[2026-09-06T03:00:00+07:00] close=79719.99 ema_fast=79860.6034 ema_mid=79815.8036 ema_slow=79795.9800 rsi_fast=40.2581
[2026-09-06T03:30:00+07:00] close=79737.83 ema_fast=79836.0487 ema_mid=79808.7151 ema_slow=79793.6996 rsi_fast=42.0619
[2026-09-06T04:00:00+07:00] close=79858.13 ema_fast=79840.4650 ema_mid=79813.2073 ema_slow=79796.2263 rsi_fast=52.8594
[2026-09-06T04:30:00+07:00] close=79906.02 ema_fast=79853.5760 ema_mid=79821.6449 ema_slow=79800.5319 rsi_fast=56.4908
[2026-09-06T05:00:00+07:00] close=79811.99 ema_fast=79845.2588 ema_mid=79820.7671 ema_slow=79800.9813 rsi_fast=48.2762
[2026-09-06T05:30:00+07:00] close=79783.99 ema_fast=79833.0050 ema_mid=79817.4238 ema_slow=79800.3149 rsi_fast=46.0338
[2026-09-06T06:00:00+07:00] close=79803.94 ema_fast=79827.1920 ema_mid=79816.1980 ema_slow=79800.4571 rsi_fast=47.9710
[2026-09-06T06:30:00+07:00] close=79831.75 ema_fast=79828.1036 ema_mid=79817.6118 ema_slow=79801.6843 rsi_fast=50.7438
[2026-09-06T07:00:00+07:00] close=79927.37 ema_fast=79847.9569 ema_mid=79827.5898 ema_slow=79806.6131 rsi_fast=59.1624
[2026-09-06T07:30:00+07:00] close=79868.00 ema_fast=79851.9655 ema_mid=79831.2635 ema_slow=79809.0204 rsi_fast=52.8526
[2026-09-06T08:00:00+07:00] close=79922.00 ema_fast=79865.9724 ema_mid=79839.5122 ema_slow=79813.4510 rsi_fast=57.4916
[2026-09-06T08:30:00+07:00] close=79951.39 ema_fast=79883.0559 ema_mid=79849.6829 ema_slow=79818.8604 rsi_fast=59.9070
[2026-09-06T09:00:00+07:00] close=79911.46 ema_fast=79888.7367 ema_mid=79855.2990 ema_slow=79822.4917 rsi_fast=55.1199
[2026-09-06T09:30:00+07:00] close=79907.28 ema_fast=79892.4454 ema_mid=79860.0246 ema_slow=79825.8168 rsi_fast=54.6060
[2026-09-06T10:00:00+07:00] close=79899.13 ema_fast=79893.7823 ema_mid=79863.5796 ema_slow=79828.6918 rsi_fast=53.5116
[2026-09-06T10:30:00+07:00] close=80028.01 ema_fast=79920.6279 ema_mid=79878.5278 ema_slow=79836.5082 rsi_fast=65.7297
[2026-09-06T11:00:00+07:00] close=79932.00 ema_fast=79922.9023 ema_mid=79883.3889 ema_slow=79840.2530 rsi_fast=53.8652
[2026-09-06T11:30:00+07:00] close=79866.01 ema_fast=79911.5238 ema_mid=79881.8090 ema_slow=79841.2631 rsi_fast=47.2679
[2026-09-06T12:00:00+07:00] close=79845.00 ema_fast=79898.2191 ema_mid=79878.4628 ema_slow=79841.4096 rsi_fast=45.2814
[2026-09-06T12:30:00+07:00] close=79989.13 ema_fast=79916.4012 ema_mid=79888.5234 ema_slow=79847.2026 rsi_fast=58.6822
[2026-09-06T13:00:00+07:00] close=79834.46 ema_fast=79900.0130 ema_mid=79883.6086 ema_slow=79846.7029 rsi_fast=45.2912
[2026-09-06T13:30:00+07:00] close=79784.65 ema_fast=79876.9404 ema_mid=79874.6123 ema_slow=79844.2694 rsi_fast=41.8327
[2026-09-06T14:00:00+07:00] close=79823.23 ema_fast=79866.1983 ema_mid=79869.9412 ema_slow=79843.4443 rsi_fast=45.4616
[2026-09-06T14:30:00+07:00] close=79805.00 ema_fast=79853.9587 ema_mid=79864.0375 ema_slow=79841.9367 rsi_fast=44.0023
[2026-09-06T15:00:00+07:00] close=79804.00 ema_fast=79843.9669 ema_mid=79858.5795 ema_slow=79840.4490 rsi_fast=43.9153
[2026-09-06T15:30:00+07:00] close=79837.17 ema_fast=79842.6075 ema_mid=79856.6332 ema_slow=79840.3204 rsi_fast=47.7686
[2026-09-06T16:00:00+07:00] close=79967.93 ema_fast=79867.6720 ema_mid=79866.7511 ema_slow=79845.3247 rsi_fast=59.9668
[2026-09-06T16:30:00+07:00] close=79885.77 ema_fast=79871.2916 ema_mid=79868.4801 ema_slow=79846.9108 rsi_fast=51.4700
[2026-09-06T17:00:00+07:00] close=79973.57 ema_fast=79891.7473 ema_mid=79878.0337 ema_slow=79851.8778 rsi_fast=58.5336
[2026-09-06T17:30:00+07:00] close=80003.93 ema_fast=79914.1838 ema_mid=79889.4788 ema_slow=79857.8407 rsi_fast=60.7557
[2026-09-06T18:00:00+07:00] close=79902.77 ema_fast=79911.9011 ema_mid=79890.6871 ema_slow=79859.6026 rsi_fast=50.5930
[2026-09-06T18:30:00+07:00] close=79919.17 ema_fast=79913.3549 ema_mid=79893.2765 ema_slow=79861.9386 rsi_fast=52.0557
[2026-09-06T19:00:00+07:00] close=79972.04 ema_fast=79925.0919 ema_mid=79900.4368 ema_slow=79866.2563 rsi_fast=56.7043
[2026-09-06T19:30:00+07:00] close=79922.04 ema_fast=79924.4815 ema_mid=79902.4007 ema_slow=79868.4439 rsi_fast=51.4018
[2026-09-06T20:00:00+07:00] close=79794.07 ema_fast=79898.3992 ema_mid=79892.5525 ema_slow=79865.5272 rsi_fast=40.4979
[2026-09-06T20:30:00+07:00] close=79829.98 ema_fast=79884.7154 ema_mid=79886.8641 ema_slow=79864.1332 rsi_fast=44.2325
[2026-09-06T21:00:00+07:00] close=79671.82 ema_fast=79842.1363 ema_mid=79867.3146 ema_slow=79856.5915 rsi_fast=33.7398
[2026-09-06T21:30:00+07:00] close=79543.06 ema_fast=79782.3210 ema_mid=79837.8369 ema_slow=79844.2962 rsi_fast=27.7177
[2026-09-06T22:00:00+07:00] close=79635.92 ema_fast=79753.0408 ema_mid=79819.4808 ema_slow=79836.1246 rsi_fast=36.8610
[2026-09-06T22:30:00+07:00] close=79716.50 ema_fast=79745.7327 ema_mid=79810.1189 ema_slow=79831.4334 rsi_fast=43.8008
[2026-09-06T23:00:00+07:00] close=79652.72 ema_fast=79727.1301 ema_mid=79795.8099 ema_slow=79824.4250 rsi_fast=39.8961
